place_population_thousands,tv_news_days_per_week,self_left_right,clinton_left_right,dole_left_right,party_id_code,age_years,education_code,income_code,expected_vote_code,log_place_population,party_group,expected_vote,age_group
0.0,7.0,7.0,1.0,6.0,6.0,36.0,3.0,1.0,1.0,-2.3025850929940455,Republican,Dole,Under 40
190.0,1.0,3.0,3.0,5.0,1.0,20.0,4.0,1.0,0.0,5.247550249494384,Democrat,Clinton,Under 40
31.0,7.0,2.0,2.0,6.0,1.0,24.0,6.0,1.0,0.0,3.4372078191851885,Democrat,Clinton,Under 40
83.0,4.0,3.0,4.0,5.0,1.0,28.0,6.0,1.0,0.0,4.420044701861403,Democrat,Clinton,Under 40
640.0,7.0,5.0,6.0,4.0,0.0,68.0,6.0,1.0,0.0,6.461624414147958,Democrat,Clinton,60+
110.0,3.0,3.0,4.0,6.0,1.0,21.0,4.0,1.0,0.0,4.701389043728634,Democrat,Clinton,Under 40
100.0,7.0,5.0,6.0,4.0,1.0,77.0,4.0,1.0,0.0,4.6061696863211745,Democrat,Clinton,60+
31.0,1.0,5.0,4.0,5.0,4.0,21.0,4.0,1.0,0.0,3.4372078191851885,Republican,Clinton,Under 40
180.0,7.0,4.0,6.0,3.0,3.0,31.0,4.0,1.0,0.0,5.19351225218191,Independent,Clinton,Under 40
2800.0,0.0,3.0,3.0,7.0,0.0,39.0,3.0,1.0,0.0,7.937410409811269,Democrat,Clinton,Under 40
1600.0,0.0,3.0,2.0,4.0,4.0,26.0,2.0,1.0,0.0,7.377821406274829,Republican,Clinton,Under 40
330.0,5.0,4.0,3.0,6.0,1.0,31.0,4.0,1.0,0.0,5.799395638859147,Democrat,Clinton,Under 40
190.0,2.0,5.0,4.0,6.0,5.0,22.0,4.0,1.0,1.0,5.247550249494384,Republican,Dole,Under 40
100.0,7.0,4.0,4.0,6.0,0.0,42.0,5.0,1.0,0.0,4.6061696863211745,Democrat,Clinton,40-59
1000.0,7.0,5.0,7.0,4.0,0.0,74.0,1.0,1.0,0.0,6.90785527398247,Democrat,Clinton,60+
0.0,7.0,6.0,7.0,5.0,0.0,62.0,3.0,1.0,0.0,-2.3025850929940455,Democrat,Clinton,60+
130.0,7.0,4.0,4.0,5.0,1.0,58.0,3.0,1.0,0.0,4.86830338551846,Democrat,Clinton,40-59
5.0,5.0,3.0,3.0,6.0,1.0,24.0,6.0,1.0,0.0,1.62924053973028,Democrat,Clinton,Under 40
33.0,7.0,6.0,2.0,6.0,5.0,51.0,4.0,1.0,1.0,3.4995332823830174,Republican,Dole,40-59
19.0,2.0,2.0,1.0,4.0,0.0,36.0,3.0,2.0,0.0,2.9496883350525844,Democrat,Clinton,Under 40
74.0,7.0,4.0,4.0,7.0,2.0,88.0,2.0,2.0,0.0,4.3054155323020415,Democrat,Clinton,60+
190.0,0.0,2.0,4.0,6.0,2.0,20.0,4.0,2.0,0.0,5.247550249494384,Democrat,Clinton,Under 40
12.0,3.0,4.0,6.0,3.0,2.0,27.0,3.0,2.0,0.0,2.4932054526026954,Democrat,Clinton,Under 40
0.0,7.0,6.0,1.0,6.0,6.0,44.0,4.0,2.0,1.0,-2.3025850929940455,Republican,Dole,40-59
19.0,0.0,4.0,2.0,2.0,1.0,45.0,3.0,2.0,0.0,2.9496883350525844,Democrat,Clinton,40-59
0.0,2.0,4.0,3.0,6.0,1.0,21.0,4.0,2.0,0.0,-2.3025850929940455,Democrat,Clinton,Under 40
390.0,5.0,3.0,4.0,7.0,1.0,40.0,5.0,2.0,0.0,5.966403116512611,Democrat,Clinton,40-59
40.0,7.0,4.0,3.0,4.0,0.0,40.0,6.0,2.0,0.0,3.6913763343125234,Democrat,Clinton,40-59
3.0,3.0,5.0,5.0,4.0,1.0,48.0,3.0,2.0,0.0,1.1314021114911006,Democrat,Clinton,40-59
450.0,3.0,4.0,7.0,1.0,0.0,34.0,3.0,2.0,0.0,6.109469780298887,Democrat,Clinton,Under 40
350.0,0.0,3.0,4.0,7.0,2.0,26.0,2.0,2.0,0.0,5.85821882796062,Democrat,Clinton,Under 40
64.0,3.0,4.0,4.0,2.0,1.0,60.0,2.0,3.0,0.0,4.160444363926624,Democrat,Clinton,60+
3.0,0.0,4.0,4.0,3.0,0.0,32.0,3.0,3.0,0.0,1.1314021114911006,Democrat,Clinton,Under 40
0.0,1.0,4.0,3.0,7.0,1.0,31.0,3.0,3.0,0.0,-2.3025850929940455,Democrat,Clinton,Under 40
640.0,7.0,7.0,5.0,7.0,4.0,33.0,3.0,3.0,1.0,6.461624414147958,Republican,Dole,Under 40
0.0,7.0,3.0,4.0,6.0,0.0,57.0,3.0,3.0,0.0,-2.3025850929940455,Democrat,Clinton,40-59
12.0,7.0,4.0,3.0,6.0,1.0,84.0,3.0,3.0,0.0,2.4932054526026954,Democrat,Clinton,60+
62.0,6.0,7.0,2.0,7.0,5.0,75.0,3.0,3.0,1.0,4.128745988939433,Republican,Dole,60+
31.0,2.0,7.0,2.0,6.0,6.0,19.0,4.0,3.0,1.0,3.4372078191851885,Republican,Dole,Under 40
0.0,1.0,3.0,2.0,6.0,1.0,47.0,6.0,3.0,0.0,-2.3025850929940455,Democrat,Clinton,40-59
180.0,6.0,5.0,5.0,5.0,0.0,51.0,2.0,3.0,0.0,5.19351225218191,Democrat,Clinton,40-59
640.0,3.0,6.0,4.0,4.0,5.0,40.0,3.0,3.0,0.0,6.461624414147958,Republican,Clinton,40-59
110.0,0.0,2.0,3.0,6.0,1.0,22.0,6.0,3.0,0.0,4.701389043728634,Democrat,Clinton,Under 40
100.0,1.0,7.0,7.0,5.0,6.0,35.0,2.0,3.0,0.0,4.6061696863211745,Republican,Clinton,Under 40
100.0,7.0,4.0,4.0,7.0,2.0,43.0,5.0,3.0,0.0,4.6061696863211745,Democrat,Clinton,40-59
11.0,3.0,6.0,6.0,3.0,2.0,76.0,6.0,3.0,0.0,2.4069451083182885,Democrat,Clinton,60+
0.0,7.0,4.0,3.0,1.0,6.0,45.0,3.0,3.0,1.0,-2.3025850929940455,Republican,Dole,40-59
4.0,7.0,4.0,6.0,6.0,0.0,88.0,2.0,3.0,0.0,1.410986973710262,Democrat,Clinton,60+
35.0,6.0,4.0,4.0,2.0,1.0,46.0,3.0,4.0,0.0,3.55820113047182,Democrat,Clinton,40-59
0.0,1.0,3.0,4.0,5.0,2.0,22.0,6.0,4.0,0.0,-2.3025850929940455,Democrat,Clinton,Under 40
0.0,7.0,5.0,1.0,6.0,5.0,68.0,3.0,4.0,1.0,-2.3025850929940455,Republican,Dole,60+
0.0,2.0,5.0,2.0,6.0,5.0,38.0,3.0,4.0,1.0,-2.3025850929940455,Republican,Dole,Under 40
33.0,7.0,4.0,3.0,6.0,3.0,69.0,2.0,4.0,0.0,3.4995332823830174,Independent,Clinton,60+
270.0,2.0,5.0,4.0,3.0,0.0,67.0,3.0,4.0,0.0,5.59879226079857,Democrat,Clinton,60+
45.0,7.0,2.0,4.0,6.0,0.0,88.0,4.0,4.0,0.0,3.8088822465086327,Democrat,Clinton,60+
40.0,3.0,6.0,2.0,5.0,5.0,68.0,3.0,4.0,1.0,3.6913763343125234,Republican,Dole,60+
6.0,1.0,5.0,2.0,4.0,2.0,76.0,3.0,4.0,1.0,1.8082887711792655,Democrat,Dole,60+
2.0,7.0,4.0,4.0,6.0,0.0,72.0,2.0,4.0,0.0,0.7419373447293773,Democrat,Clinton,60+
0.0,0.0,6.0,2.0,6.0,6.0,37.0,6.0,4.0,1.0,-2.3025850929940455,Republican,Dole,Under 40
35.0,3.0,4.0,2.0,6.0,0.0,69.0,3.0,4.0,0.0,3.55820113047182,Democrat,Clinton,60+
83.0,0.0,2.0,4.0,6.0,0.0,33.0,6.0,4.0,0.0,4.420044701861403,Democrat,Clinton,Under 40
3500.0,7.0,2.0,2.0,6.0,0.0,34.0,4.0,4.0,0.0,8.16054681849792,Democrat,Clinton,Under 40
100.0,2.0,4.0,4.0,7.0,2.0,30.0,3.0,4.0,0.0,4.6061696863211745,Democrat,Clinton,Under 40
350.0,2.0,3.0,3.0,6.0,1.0,19.0,3.0,4.0,0.0,5.85821882796062,Democrat,Clinton,Under 40
100.0,3.0,4.0,6.0,2.0,0.0,44.0,3.0,4.0,0.0,4.6061696863211745,Democrat,Clinton,40-59
67.0,1.0,4.0,4.0,7.0,1.0,64.0,3.0,4.0,0.0,4.206184043977636,Democrat,Clinton,60+
30.0,5.0,7.0,7.0,2.0,0.0,37.0,4.0,4.0,0.0,3.40452517175483,Democrat,Clinton,Under 40
0.0,7.0,6.0,3.0,5.0,4.0,31.0,5.0,5.0,1.0,-2.3025850929940455,Republican,Dole,Under 40
0.0,0.0,6.0,1.0,5.0,4.0,88.0,4.0,5.0,1.0,-2.3025850929940455,Republican,Dole,60+
6.0,7.0,6.0,2.0,6.0,6.0,77.0,4.0,5.0,1.0,1.8082887711792655,Republican,Dole,60+
350.0,1.0,4.0,5.0,6.0,5.0,30.0,6.0,5.0,0.0,5.85821882796062,Republican,Clinton,Under 40
400.0,1.0,2.0,3.0,7.0,1.0,32.0,4.0,5.0,0.0,5.9917145158631895,Democrat,Clinton,Under 40
15.0,7.0,6.0,2.0,6.0,6.0,59.0,1.0,5.0,1.0,2.714694743820879,Republican,Dole,40-59
0.0,0.0,4.0,4.0,4.0,3.0,47.0,4.0,5.0,0.0,-2.3025850929940455,Independent,Clinton,40-59
3.0,2.0,4.0,6.0,5.0,1.0,22.0,3.0,5.0,0.0,1.1314021114911006,Democrat,Clinton,Under 40
22.0,5.0,4.0,2.0,6.0,2.0,55.0,3.0,5.0,0.0,3.095577608523707,Democrat,Clinton,40-59
64.0,2.0,2.0,1.0,3.0,0.0,24.0,2.0,5.0,0.0,4.160444363926624,Democrat,Clinton,Under 40
32.0,5.0,3.0,7.0,4.0,1.0,65.0,1.0,5.0,0.0,3.4688560301359703,Democrat,Clinton,60+
390.0,7.0,3.0,6.0,2.0,2.0,24.0,3.0,5.0,0.0,5.966403116512611,Democrat,Clinton,Under 40
0.0,7.0,3.0,4.0,5.0,3.0,30.0,3.0,5.0,0.0,-2.3025850929940455,Independent,Clinton,Under 40
0.0,7.0,4.0,5.0,2.0,3.0,73.0,3.0,5.0,0.0,-2.3025850929940455,Independent,Clinton,60+
59.0,5.0,3.0,3.0,5.0,1.0,73.0,5.0,5.0,0.0,4.079230924412053,Democrat,Clinton,60+
0.0,6.0,4.0,3.0,6.0,2.0,91.0,1.0,5.0,0.0,-2.3025850929940455,Democrat,Clinton,60+
35.0,7.0,3.0,2.0,5.0,0.0,71.0,2.0,5.0,0.0,3.55820113047182,Democrat,Clinton,60+
0.0,2.0,6.0,4.0,5.0,4.0,34.0,4.0,5.0,1.0,-2.3025850929940455,Republican,Dole,Under 40
170.0,7.0,4.0,3.0,2.0,0.0,48.0,2.0,6.0,0.0,5.136386499401816,Democrat,Clinton,40-59
12.0,1.0,6.0,2.0,6.0,5.0,42.0,4.0,6.0,1.0,2.4932054526026954,Republican,Dole,40-59
40.0,4.0,6.0,5.0,4.0,0.0,72.0,2.0,6.0,0.0,3.6913763343125234,Democrat,Clinton,60+
31.0,2.0,3.0,4.0,6.0,6.0,20.0,4.0,6.0,1.0,3.4372078191851885,Republican,Dole,Under 40
31.0,7.0,2.0,2.0,7.0,0.0,22.0,4.0,6.0,0.0,3.4372078191851885,Democrat,Clinton,Under 40
1600.0,1.0,3.0,3.0,6.0,1.0,24.0,6.0,6.0,0.0,7.377821406274829,Democrat,Clinton,Under 40
1.0,1.0,4.0,2.0,7.0,2.0,39.0,6.0,6.0,0.0,0.09531017980432493,Democrat,Clinton,Under 40
4.0,7.0,6.0,1.0,6.0,6.0,83.0,5.0,6.0,1.0,1.410986973710262,Republican,Dole,60+
190.0,0.0,6.0,2.0,6.0,6.0,39.0,3.0,6.0,1.0,5.247550249494384,Republican,Dole,Under 40
53.0,3.0,5.0,3.0,6.0,1.0,33.0,5.0,6.0,0.0,3.9721769282478934,Democrat,Clinton,Under 40
31.0,7.0,4.0,3.0,6.0,1.0,53.0,3.0,6.0,1.0,3.4372078191851885,Democrat,Dole,40-59
16.0,7.0,5.0,3.0,6.0,5.0,82.0,3.0,6.0,1.0,2.7788192719904172,Republican,Dole,60+
33.0,5.0,4.0,3.0,5.0,6.0,82.0,3.0,6.0,1.0,3.4995332823830174,Republican,Dole,60+
0.0,3.0,5.0,3.0,6.0,5.0,47.0,6.0,7.0,1.0,-2.3025850929940455,Republican,Dole,40-59
0.0,3.0,4.0,2.0,7.0,4.0,68.0,3.0,7.0,0.0,-2.3025850929940455,Republican,Clinton,60+
0.0,7.0,4.0,3.0,5.0,0.0,84.0,6.0,7.0,0.0,-2.3025850929940455,Democrat,Clinton,60+
27.0,2.0,6.0,1.0,6.0,5.0,35.0,5.0,7.0,1.0,3.299533727885655,Republican,Dole,Under 40
84.0,7.0,4.0,5.0,6.0,1.0,67.0,2.0,7.0,0.0,4.432006566978902,Democrat,Clinton,60+
22.0,3.0,5.0,3.0,5.0,4.0,33.0,2.0,7.0,1.0,3.095577608523707,Republican,Dole,Under 40
0.0,3.0,3.0,3.0,5.0,0.0,49.0,7.0,7.0,0.0,-2.3025850929940455,Democrat,Clinton,40-59
3500.0,0.0,4.0,3.0,7.0,0.0,91.0,1.0,7.0,0.0,8.16054681849792,Democrat,Clinton,60+
390.0,7.0,4.0,5.0,3.0,1.0,43.0,3.0,7.0,0.0,5.966403116512611,Democrat,Clinton,40-59
0.0,7.0,4.0,3.0,2.0,6.0,65.0,4.0,7.0,0.0,-2.3025850929940455,Republican,Clinton,60+
16.0,7.0,5.0,6.0,3.0,0.0,69.0,3.0,7.0,0.0,2.7788192719904172,Democrat,Clinton,60+
200.0,0.0,5.0,5.0,4.0,1.0,56.0,4.0,8.0,0.0,5.2988172415896875,Democrat,Clinton,40-59
640.0,0.0,2.0,3.0,5.0,0.0,24.0,6.0,8.0,0.0,6.461624414147958,Democrat,Clinton,Under 40
0.0,7.0,4.0,4.0,5.0,0.0,77.0,3.0,8.0,0.0,-2.3025850929940455,Democrat,Clinton,60+
45.0,7.0,6.0,3.0,7.0,0.0,74.0,3.0,8.0,0.0,3.8088822465086327,Democrat,Clinton,60+
12.0,0.0,7.0,3.0,6.0,6.0,25.0,6.0,8.0,1.0,2.4932054526026954,Republican,Dole,Under 40
20.0,7.0,6.0,2.0,5.0,4.0,85.0,1.0,8.0,1.0,3.0007198150650303,Republican,Dole,60+
7300.0,5.0,7.0,7.0,6.0,3.0,21.0,2.0,8.0,0.0,8.895643325672793,Independent,Clinton,Under 40
64.0,7.0,6.0,3.0,1.0,0.0,24.0,4.0,8.0,0.0,4.160444363926624,Democrat,Clinton,Under 40
13.0,7.0,5.0,4.0,7.0,4.0,73.0,4.0,8.0,0.0,2.5726122302071057,Republican,Clinton,60+
190.0,0.0,4.0,5.0,3.0,2.0,37.0,3.0,8.0,0.0,5.247550249494384,Democrat,Clinton,Under 40
9.0,4.0,4.0,5.0,1.0,2.0,35.0,4.0,8.0,0.0,2.2082744135228043,Democrat,Clinton,Under 40
0.0,7.0,4.0,4.0,7.0,0.0,47.0,3.0,8.0,0.0,-2.3025850929940455,Democrat,Clinton,40-59
170.0,2.0,4.0,2.0,6.0,6.0,21.0,3.0,8.0,1.0,5.136386499401816,Republican,Dole,Under 40
640.0,7.0,3.0,6.0,4.0,0.0,55.0,5.0,8.0,0.0,6.461624414147958,Democrat,Clinton,40-59
9.0,4.0,6.0,3.0,6.0,6.0,30.0,6.0,8.0,1.0,2.2082744135228043,Republican,Dole,Under 40
0.0,4.0,5.0,3.0,6.0,4.0,76.0,7.0,8.0,1.0,-2.3025850929940455,Republican,Dole,60+
7300.0,5.0,3.0,4.0,3.0,3.0,36.0,4.0,8.0,0.0,8.895643325672793,Independent,Clinton,Under 40
2800.0,0.0,1.0,1.0,7.0,0.0,38.0,3.0,9.0,0.0,7.937410409811269,Democrat,Clinton,Under 40
0.0,7.0,2.0,3.0,5.0,0.0,67.0,3.0,9.0,0.0,-2.3025850929940455,Democrat,Clinton,60+
30.0,7.0,7.0,3.0,7.0,6.0,70.0,2.0,9.0,1.0,3.40452517175483,Republican,Dole,60+
44.0,7.0,5.0,3.0,7.0,2.0,78.0,4.0,9.0,0.0,3.7864597824528,Democrat,Clinton,60+
7300.0,1.0,2.0,2.0,7.0,3.0,27.0,6.0,9.0,0.0,8.895643325672793,Independent,Clinton,Under 40
330.0,4.0,3.0,5.0,6.0,1.0,51.0,4.0,9.0,0.0,5.799395638859147,Democrat,Clinton,40-59
3.0,0.0,6.0,7.0,3.0,5.0,33.0,4.0,9.0,0.0,1.1314021114911006,Republican,Clinton,Under 40
51.0,2.0,6.0,1.0,5.0,6.0,80.0,6.0,9.0,1.0,3.933784497209659,Republican,Dole,60+
29.0,5.0,4.0,1.0,6.0,1.0,79.0,1.0,9.0,0.0,3.370738174177447,Democrat,Clinton,60+
630.0,2.0,6.0,4.0,5.0,4.0,66.0,1.0,9.0,1.0,6.44587853694801,Republican,Dole,60+
170.0,0.0,4.0,1.0,6.0,0.0,32.0,3.0,10.0,0.0,5.136386499401816,Democrat,Clinton,Under 40
33.0,7.0,4.0,5.0,7.0,0.0,70.0,2.0,10.0,0.0,3.4995332823830174,Democrat,Clinton,60+
0.0,3.0,2.0,3.0,6.0,3.0,42.0,3.0,10.0,0.0,-2.3025850929940455,Independent,Clinton,40-59
9.0,5.0,5.0,4.0,5.0,5.0,73.0,4.0,10.0,1.0,2.2082744135228043,Republican,Dole,60+
22.0,4.0,4.0,4.0,6.0,0.0,87.0,2.0,10.0,0.0,3.095577608523707,Democrat,Clinton,60+
100.0,0.0,7.0,5.0,1.0,1.0,30.0,5.0,10.0,0.0,4.6061696863211745,Democrat,Clinton,Under 40
2.0,2.0,4.0,4.0,5.0,3.0,52.0,3.0,10.0,0.0,0.7419373447293773,Independent,Clinton,40-59
0.0,6.0,5.0,3.0,6.0,1.0,62.0,4.0,10.0,0.0,-2.3025850929940455,Democrat,Clinton,60+
50.0,7.0,6.0,3.0,4.0,0.0,67.0,3.0,10.0,0.0,3.914021008090819,Democrat,Clinton,60+
15.0,4.0,6.0,3.0,4.0,4.0,37.0,6.0,10.0,0.0,2.714694743820879,Republican,Clinton,Under 40
3.0,4.0,3.0,5.0,7.0,0.0,37.0,4.0,10.0,0.0,1.1314021114911006,Democrat,Clinton,Under 40
720.0,5.0,1.0,5.0,6.0,1.0,64.0,6.0,10.0,0.0,6.5793900912548215,Democrat,Clinton,60+
640.0,7.0,1.0,1.0,5.0,0.0,34.0,3.0,10.0,0.0,6.461624414147958,Democrat,Clinton,Under 40
5.0,7.0,4.0,4.0,7.0,0.0,70.0,3.0,10.0,0.0,1.62924053973028,Democrat,Clinton,60+
24.0,2.0,6.0,2.0,6.0,6.0,31.0,5.0,10.0,1.0,3.1822118404966093,Republican,Dole,Under 40
22.0,7.0,2.0,2.0,6.0,0.0,29.0,6.0,11.0,0.0,3.095577608523707,Democrat,Clinton,Under 40
55.0,7.0,4.0,5.0,4.0,1.0,71.0,2.0,11.0,0.0,4.009149716158869,Democrat,Clinton,60+
0.0,2.0,4.0,4.0,4.0,0.0,67.0,1.0,11.0,0.0,-2.3025850929940455,Democrat,Clinton,60+
1600.0,5.0,4.0,4.0,6.0,0.0,41.0,7.0,11.0,0.0,7.377821406274829,Democrat,Clinton,40-59
170.0,6.0,1.0,2.0,6.0,0.0,49.0,6.0,11.0,0.0,5.136386499401816,Democrat,Clinton,40-59
1000.0,7.0,4.0,4.0,5.0,0.0,42.0,5.0,11.0,0.0,6.90785527398247,Democrat,Clinton,40-59
63.0,0.0,6.0,3.0,2.0,0.0,78.0,2.0,11.0,0.0,4.144720769547168,Democrat,Clinton,60+
110.0,0.0,4.0,1.0,6.0,1.0,24.0,3.0,11.0,0.0,4.701389043728634,Democrat,Clinton,Under 40
16.0,7.0,4.0,6.0,6.0,1.0,29.0,3.0,11.0,0.0,2.7788192719904172,Democrat,Clinton,Under 40
100.0,3.0,4.0,2.0,6.0,5.0,39.0,5.0,11.0,1.0,4.6061696863211745,Republican,Dole,Under 40
7300.0,3.0,5.0,3.0,6.0,1.0,19.0,4.0,11.0,0.0,8.895643325672793,Democrat,Clinton,Under 40
22.0,2.0,4.0,2.0,7.0,1.0,32.0,5.0,11.0,0.0,3.095577608523707,Democrat,Clinton,Under 40
71.0,3.0,4.0,2.0,6.0,5.0,69.0,3.0,11.0,1.0,4.264087336809195,Republican,Dole,60+
900.0,4.0,5.0,2.0,5.0,5.0,83.0,3.0,11.0,1.0,6.802505868263039,Republican,Dole,60+
35.0,7.0,4.0,1.0,5.0,4.0,76.0,2.0,11.0,1.0,3.55820113047182,Republican,Dole,60+
2.0,7.0,7.0,1.0,2.0,0.0,62.0,2.0,11.0,0.0,0.7419373447293773,Democrat,Clinton,60+
83.0,2.0,3.0,3.0,6.0,0.0,47.0,7.0,11.0,0.0,4.420044701861403,Democrat,Clinton,40-59
370.0,5.0,6.0,7.0,4.0,0.0,35.0,3.0,11.0,0.0,5.9137732393921105,Democrat,Clinton,Under 40
12.0,0.0,4.0,5.0,3.0,4.0,23.0,3.0,11.0,0.0,2.4932054526026954,Republican,Clinton,Under 40
370.0,7.0,4.0,4.0,1.0,1.0,79.0,4.0,11.0,0.0,5.9137732393921105,Democrat,Clinton,60+
100.0,7.0,6.0,2.0,6.0,5.0,64.0,5.0,11.0,1.0,4.6061696863211745,Republican,Dole,60+
470.0,7.0,6.0,2.0,4.0,5.0,70.0,4.0,11.0,1.0,6.152945438030085,Republican,Dole,60+
22.0,7.0,6.0,1.0,6.0,6.0,87.0,5.0,11.0,1.0,3.095577608523707,Republican,Dole,60+
2800.0,0.0,3.0,6.0,1.0,0.0,28.0,2.0,12.0,0.0,7.937410409811269,Democrat,Clinton,Under 40
47.0,5.0,3.0,5.0,7.0,1.0,58.0,3.0,12.0,0.0,3.8522730010223722,Democrat,Clinton,40-59
900.0,5.0,4.0,4.0,6.0,1.0,85.0,2.0,12.0,0.0,6.802505868263039,Democrat,Clinton,60+
330.0,7.0,3.0,6.0,4.0,0.0,62.0,3.0,12.0,0.0,5.799395638859147,Democrat,Clinton,60+
84.0,0.0,3.0,2.0,7.0,1.0,26.0,6.0,12.0,0.0,4.432006566978902,Democrat,Clinton,Under 40
0.0,0.0,6.0,2.0,5.0,5.0,28.0,3.0,12.0,1.0,-2.3025850929940455,Republican,Dole,Under 40
33.0,3.0,6.0,1.0,7.0,6.0,88.0,2.0,12.0,1.0,3.4995332823830174,Republican,Dole,60+
53.0,7.0,2.0,3.0,6.0,0.0,57.0,6.0,12.0,0.0,3.9721769282478934,Democrat,Clinton,40-59
8.0,7.0,2.0,2.0,6.0,0.0,78.0,3.0,12.0,0.0,2.0918640616783932,Democrat,Clinton,60+
2.0,7.0,4.0,4.0,2.0,0.0,56.0,3.0,12.0,0.0,0.7419373447293773,Democrat,Clinton,40-59
0.0,0.0,4.0,6.0,3.0,3.0,46.0,5.0,12.0,0.0,-2.3025850929940455,Independent,Clinton,40-59
0.0,2.0,4.0,4.0,3.0,5.0,20.0,3.0,12.0,1.0,-2.3025850929940455,Republican,Dole,Under 40
0.0,0.0,5.0,6.0,4.0,1.0,24.0,4.0,12.0,0.0,-2.3025850929940455,Democrat,Clinton,Under 40
0.0,7.0,5.0,2.0,6.0,2.0,72.0,4.0,12.0,0.0,-2.3025850929940455,Democrat,Clinton,60+
15.0,7.0,2.0,4.0,7.0,1.0,51.0,4.0,12.0,0.0,2.714694743820879,Democrat,Clinton,40-59
900.0,0.0,6.0,2.0,5.0,6.0,34.0,6.0,12.0,1.0,6.802505868263039,Republican,Dole,Under 40
30.0,2.0,4.0,2.0,6.0,1.0,21.0,4.0,12.0,0.0,3.40452517175483,Democrat,Clinton,Under 40
0.0,7.0,4.0,4.0,6.0,2.0,74.0,7.0,12.0,0.0,-2.3025850929940455,Democrat,Clinton,60+
170.0,3.0,4.0,4.0,6.0,1.0,48.0,1.0,12.0,0.0,5.136386499401816,Democrat,Clinton,40-59
900.0,2.0,3.0,3.0,7.0,5.0,28.0,3.0,12.0,0.0,6.802505868263039,Republican,Clinton,Under 40
0.0,6.0,7.0,1.0,7.0,5.0,38.0,2.0,12.0,1.0,-2.3025850929940455,Republican,Dole,Under 40
1600.0,7.0,4.0,6.0,1.0,0.0,70.0,3.0,12.0,0.0,7.377821406274829,Democrat,Clinton,60+
0.0,7.0,4.0,5.0,4.0,0.0,72.0,2.0,12.0,0.0,-2.3025850929940455,Democrat,Clinton,60+
2800.0,0.0,4.0,5.0,6.0,0.0,41.0,3.0,12.0,0.0,7.937410409811269,Democrat,Clinton,40-59
110.0,5.0,3.0,4.0,5.0,1.0,50.0,7.0,12.0,0.0,4.701389043728634,Democrat,Clinton,40-59
1.0,7.0,6.0,2.0,5.0,5.0,73.0,3.0,12.0,1.0,0.09531017980432493,Republican,Dole,60+
3.0,5.0,5.0,2.0,4.0,0.0,79.0,6.0,12.0,0.0,1.1314021114911006,Democrat,Clinton,60+
0.0,4.0,5.0,1.0,4.0,5.0,76.0,2.0,12.0,1.0,-2.3025850929940455,Republican,Dole,60+
22.0,0.0,5.0,3.0,5.0,5.0,62.0,5.0,12.0,1.0,3.095577608523707,Republican,Dole,60+
63.0,3.0,6.0,2.0,6.0,6.0,30.0,6.0,12.0,1.0,4.144720769547168,Republican,Dole,Under 40
290.0,0.0,6.0,3.0,6.0,5.0,35.0,4.0,12.0,1.0,5.670225691127358,Republican,Dole,Under 40
2.0,7.0,1.0,2.0,7.0,1.0,66.0,4.0,12.0,0.0,0.7419373447293773,Democrat,Clinton,60+
40.0,0.0,2.0,4.0,6.0,0.0,35.0,4.0,12.0,0.0,3.6913763343125234,Democrat,Clinton,Under 40
67.0,0.0,6.0,1.0,5.0,6.0,57.0,6.0,12.0,1.0,4.206184043977636,Republican,Dole,40-59
0.0,5.0,4.0,5.0,4.0,5.0,37.0,5.0,12.0,1.0,-2.3025850929940455,Republican,Dole,Under 40
470.0,7.0,5.0,5.0,2.0,1.0,61.0,3.0,13.0,0.0,6.152945438030085,Democrat,Clinton,60+
0.0,7.0,6.0,2.0,6.0,6.0,56.0,3.0,13.0,1.0,-2.3025850929940455,Republican,Dole,40-59
4.0,6.0,3.0,4.0,5.0,1.0,53.0,3.0,13.0,0.0,1.410986973710262,Democrat,Clinton,40-59
20.0,0.0,4.0,5.0,3.0,2.0,24.0,6.0,13.0,1.0,3.0007198150650303,Democrat,Dole,Under 40
2800.0,7.0,4.0,1.0,6.0,5.0,74.0,3.0,13.0,1.0,7.937410409811269,Republican,Dole,60+
0.0,0.0,4.0,4.0,3.0,1.0,36.0,3.0,13.0,0.0,-2.3025850929940455,Democrat,Clinton,Under 40
1.0,0.0,6.0,2.0,4.0,5.0,30.0,5.0,13.0,1.0,0.09531017980432493,Republican,Dole,Under 40
640.0,0.0,4.0,7.0,4.0,1.0,55.0,2.0,13.0,0.0,6.461624414147958,Democrat,Clinton,40-59
170.0,3.0,3.0,2.0,7.0,2.0,35.0,6.0,13.0,0.0,5.136386499401816,Democrat,Clinton,Under 40
270.0,2.0,3.0,4.0,6.0,0.0,26.0,4.0,13.0,0.0,5.59879226079857,Democrat,Clinton,Under 40
390.0,0.0,3.0,4.0,6.0,2.0,25.0,4.0,13.0,0.0,5.966403116512611,Democrat,Clinton,Under 40
16.0,2.0,6.0,7.0,4.0,3.0,27.0,3.0,13.0,0.0,2.7788192719904172,Independent,Clinton,Under 40
11.0,7.0,4.0,1.0,6.0,5.0,66.0,3.0,13.0,1.0,2.4069451083182885,Republican,Dole,60+
0.0,1.0,5.0,2.0,6.0,2.0,39.0,2.0,13.0,0.0,-2.3025850929940455,Democrat,Clinton,Under 40
270.0,7.0,1.0,1.0,2.0,2.0,58.0,5.0,13.0,0.0,5.59879226079857,Democrat,Clinton,40-59
170.0,2.0,4.0,4.0,4.0,0.0,53.0,3.0,13.0,1.0,5.136386499401816,Democrat,Dole,40-59
900.0,7.0,6.0,7.0,4.0,0.0,76.0,3.0,13.0,0.0,6.802505868263039,Democrat,Clinton,60+
270.0,7.0,5.0,2.0,7.0,1.0,51.0,3.0,13.0,0.0,5.59879226079857,Democrat,Clinton,40-59
0.0,7.0,4.0,2.0,7.0,0.0,70.0,2.0,13.0,0.0,-2.3025850929940455,Democrat,Clinton,60+
350.0,3.0,6.0,3.0,6.0,6.0,68.0,4.0,13.0,1.0,5.85821882796062,Republican,Dole,60+
0.0,0.0,5.0,4.0,5.0,2.0,32.0,3.0,13.0,1.0,-2.3025850929940455,Democrat,Dole,Under 40
6.0,0.0,5.0,4.0,5.0,5.0,55.0,3.0,13.0,0.0,1.8082887711792655,Republican,Clinton,40-59
290.0,7.0,2.0,2.0,6.0,0.0,52.0,4.0,13.0,0.0,5.670225691127358,Democrat,Clinton,40-59
630.0,7.0,6.0,4.0,6.0,4.0,73.0,2.0,13.0,1.0,6.44587853694801,Republican,Dole,60+
900.0,0.0,5.0,4.0,7.0,0.0,42.0,2.0,13.0,0.0,6.802505868263039,Democrat,Clinton,40-59
31.0,2.0,4.0,4.0,3.0,4.0,23.0,5.0,13.0,1.0,3.4372078191851885,Republican,Dole,Under 40
1600.0,5.0,2.0,3.0,6.0,0.0,30.0,7.0,14.0,0.0,7.377821406274829,Democrat,Clinton,Under 40
71.0,7.0,2.0,2.0,7.0,0.0,68.0,4.0,14.0,0.0,4.264087336809195,Democrat,Clinton,60+
200.0,7.0,5.0,2.0,3.0,2.0,68.0,3.0,14.0,0.0,5.2988172415896875,Democrat,Clinton,60+
0.0,0.0,6.0,4.0,7.0,3.0,68.0,6.0,14.0,0.0,-2.3025850929940455,Independent,Clinton,60+
30.0,5.0,2.0,3.0,6.0,0.0,38.0,5.0,14.0,0.0,3.40452517175483,Democrat,Clinton,Under 40
10.0,1.0,4.0,3.0,6.0,2.0,74.0,3.0,14.0,0.0,2.312535423847214,Democrat,Clinton,60+
0.0,7.0,5.0,6.0,3.0,0.0,59.0,2.0,14.0,0.0,-2.3025850929940455,Democrat,Clinton,40-59
900.0,2.0,5.0,2.0,5.0,2.0,73.0,2.0,14.0,0.0,6.802505868263039,Democrat,Clinton,60+
71.0,7.0,2.0,3.0,6.0,0.0,79.0,3.0,14.0,0.0,4.264087336809195,Democrat,Clinton,60+
22.0,3.0,7.0,1.0,6.0,5.0,28.0,4.0,14.0,1.0,3.095577608523707,Republican,Dole,Under 40
0.0,7.0,6.0,2.0,6.0,6.0,50.0,3.0,14.0,1.0,-2.3025850929940455,Republican,Dole,40-59
0.0,4.0,6.0,3.0,1.0,1.0,36.0,4.0,14.0,0.0,-2.3025850929940455,Democrat,Clinton,Under 40
0.0,3.0,6.0,2.0,6.0,6.0,50.0,3.0,14.0,1.0,-2.3025850929940455,Republican,Dole,40-59
0.0,1.0,6.0,2.0,6.0,6.0,61.0,3.0,14.0,1.0,-2.3025850929940455,Republican,Dole,60+
7300.0,3.0,2.0,2.0,6.0,0.0,37.0,4.0,14.0,0.0,8.895643325672793,Democrat,Clinton,Under 40
83.0,0.0,3.0,4.0,7.0,0.0,29.0,6.0,14.0,0.0,4.420044701861403,Democrat,Clinton,Under 40
93.0,7.0,2.0,3.0,7.0,0.0,39.0,4.0,14.0,0.0,4.533674184283021,Democrat,Clinton,Under 40
0.0,7.0,4.0,5.0,4.0,2.0,83.0,6.0,14.0,1.0,-2.3025850929940455,Democrat,Dole,60+
51.0,7.0,6.0,1.0,5.0,4.0,68.0,6.0,14.0,1.0,3.933784497209659,Republican,Dole,60+
31.0,2.0,6.0,1.0,5.0,6.0,25.0,4.0,14.0,1.0,3.4372078191851885,Republican,Dole,Under 40
93.0,2.0,1.0,3.0,6.0,1.0,41.0,6.0,14.0,0.0,4.533674184283021,Democrat,Clinton,40-59
0.0,7.0,3.0,2.0,6.0,1.0,67.0,3.0,14.0,0.0,-2.3025850929940455,Democrat,Clinton,60+
0.0,3.0,4.0,2.0,6.0,4.0,36.0,6.0,14.0,1.0,-2.3025850929940455,Republican,Dole,Under 40
31.0,4.0,6.0,2.0,6.0,4.0,66.0,4.0,14.0,1.0,3.4372078191851885,Republican,Dole,60+
900.0,1.0,3.0,2.0,7.0,1.0,55.0,4.0,14.0,0.0,6.802505868263039,Democrat,Clinton,40-59
0.0,4.0,3.0,2.0,6.0,2.0,42.0,5.0,14.0,0.0,-2.3025850929940455,Democrat,Clinton,40-59
2.0,7.0,6.0,3.0,5.0,5.0,42.0,3.0,14.0,1.0,0.7419373447293773,Republican,Dole,40-59
110.0,3.0,4.0,5.0,7.0,1.0,36.0,3.0,14.0,0.0,4.701389043728634,Democrat,Clinton,Under 40
63.0,1.0,6.0,4.0,6.0,4.0,53.0,5.0,14.0,1.0,4.144720769547168,Republican,Dole,40-59
900.0,0.0,3.0,2.0,5.0,1.0,36.0,5.0,14.0,0.0,6.802505868263039,Democrat,Clinton,Under 40
31.0,3.0,4.0,3.0,6.0,2.0,29.0,7.0,14.0,0.0,3.4372078191851885,Democrat,Clinton,Under 40
510.0,1.0,4.0,4.0,6.0,0.0,31.0,3.0,14.0,0.0,6.234606784928881,Democrat,Clinton,Under 40
270.0,2.0,3.0,4.0,6.0,1.0,43.0,6.0,14.0,0.0,5.59879226079857,Democrat,Clinton,40-59
9.0,3.0,3.0,4.0,7.0,1.0,33.0,6.0,14.0,0.0,2.2082744135228043,Democrat,Clinton,Under 40
3.0,1.0,6.0,6.0,2.0,0.0,63.0,3.0,14.0,0.0,1.1314021114911006,Democrat,Clinton,60+
29.0,1.0,5.0,2.0,4.0,2.0,25.0,5.0,14.0,0.0,3.370738174177447,Democrat,Clinton,Under 40
45.0,2.0,3.0,2.0,6.0,0.0,72.0,4.0,14.0,0.0,3.8088822465086327,Democrat,Clinton,60+
83.0,5.0,3.0,3.0,6.0,1.0,40.0,4.0,14.0,0.0,4.420044701861403,Democrat,Clinton,40-59
22.0,7.0,4.0,2.0,6.0,2.0,27.0,6.0,14.0,0.0,3.095577608523707,Democrat,Clinton,Under 40
15.0,3.0,5.0,4.0,7.0,2.0,26.0,4.0,15.0,0.0,2.714694743820879,Democrat,Clinton,Under 40
110.0,7.0,5.0,2.0,5.0,6.0,67.0,3.0,15.0,1.0,4.701389043728634,Republican,Dole,60+
8.0,0.0,4.0,5.0,5.0,1.0,21.0,3.0,15.0,0.0,2.0918640616783932,Democrat,Clinton,Under 40
11.0,5.0,6.0,2.0,6.0,6.0,27.0,7.0,15.0,1.0,2.4069451083182885,Republican,Dole,Under 40
56.0,4.0,6.0,5.0,3.0,0.0,78.0,6.0,15.0,1.0,4.027135812528651,Democrat,Dole,60+
8.0,3.0,4.0,4.0,3.0,1.0,32.0,3.0,15.0,0.0,2.0918640616783932,Democrat,Clinton,Under 40
100.0,5.0,4.0,2.0,6.0,1.0,68.0,4.0,15.0,0.0,4.6061696863211745,Democrat,Clinton,60+
900.0,7.0,4.0,2.0,6.0,5.0,76.0,4.0,15.0,0.0,6.802505868263039,Republican,Clinton,60+
67.0,7.0,3.0,3.0,6.0,0.0,33.0,5.0,15.0,0.0,4.206184043977636,Democrat,Clinton,Under 40
35.0,4.0,6.0,2.0,5.0,4.0,38.0,2.0,15.0,1.0,3.55820113047182,Republican,Dole,Under 40
35.0,3.0,4.0,3.0,5.0,1.0,49.0,7.0,15.0,0.0,3.55820113047182,Democrat,Clinton,40-59
22.0,0.0,5.0,4.0,6.0,5.0,61.0,4.0,15.0,1.0,3.095577608523707,Republican,Dole,60+
110.0,7.0,7.0,1.0,5.0,4.0,57.0,3.0,15.0,1.0,4.701389043728634,Republican,Dole,40-59
12.0,0.0,4.0,2.0,5.0,2.0,20.0,3.0,15.0,0.0,2.4932054526026954,Democrat,Clinton,Under 40
7300.0,7.0,4.0,2.0,4.0,4.0,63.0,6.0,15.0,1.0,8.895643325672793,Republican,Dole,60+
0.0,0.0,4.0,1.0,5.0,4.0,53.0,3.0,15.0,1.0,-2.3025850929940455,Republican,Dole,40-59
19.0,5.0,4.0,2.0,6.0,5.0,35.0,4.0,15.0,1.0,2.9496883350525844,Republican,Dole,Under 40
470.0,3.0,4.0,4.0,7.0,0.0,39.0,3.0,15.0,0.0,6.152945438030085,Democrat,Clinton,Under 40
4.0,3.0,3.0,5.0,3.0,4.0,48.0,3.0,15.0,1.0,1.410986973710262,Republican,Dole,40-59
640.0,4.0,6.0,2.0,5.0,4.0,62.0,3.0,15.0,1.0,6.461624414147958,Republican,Dole,60+
640.0,2.0,4.0,2.0,3.0,1.0,30.0,5.0,15.0,0.0,6.461624414147958,Democrat,Clinton,Under 40
200.0,7.0,7.0,1.0,4.0,6.0,26.0,6.0,15.0,1.0,5.2988172415896875,Republican,Dole,Under 40
0.0,7.0,3.0,2.0,4.0,5.0,74.0,6.0,15.0,1.0,-2.3025850929940455,Republican,Dole,60+
29.0,4.0,3.0,4.0,6.0,2.0,37.0,5.0,15.0,0.0,3.370738174177447,Democrat,Clinton,Under 40
330.0,2.0,4.0,5.0,5.0,1.0,43.0,5.0,15.0,0.0,5.799395638859147,Democrat,Clinton,40-59
19.0,5.0,5.0,1.0,4.0,6.0,68.0,3.0,15.0,1.0,2.9496883350525844,Republican,Dole,60+
1.0,7.0,5.0,3.0,4.0,5.0,73.0,5.0,15.0,1.0,0.09531017980432493,Republican,Dole,60+
110.0,5.0,6.0,1.0,6.0,6.0,60.0,7.0,15.0,1.0,4.701389043728634,Republican,Dole,60+
0.0,7.0,5.0,4.0,6.0,1.0,35.0,3.0,15.0,0.0,-2.3025850929940455,Democrat,Clinton,Under 40
350.0,4.0,3.0,4.0,6.0,0.0,29.0,6.0,15.0,0.0,5.85821882796062,Democrat,Clinton,Under 40
2.0,5.0,3.0,3.0,5.0,1.0,25.0,6.0,15.0,0.0,0.7419373447293773,Democrat,Clinton,Under 40
0.0,7.0,2.0,2.0,6.0,0.0,25.0,7.0,15.0,0.0,-2.3025850929940455,Democrat,Clinton,Under 40
7.0,4.0,2.0,4.0,5.0,0.0,70.0,6.0,15.0,0.0,1.9600947840472698,Democrat,Clinton,60+
71.0,1.0,6.0,2.0,5.0,6.0,41.0,3.0,15.0,1.0,4.264087336809195,Republican,Dole,40-59
53.0,0.0,4.0,2.0,6.0,1.0,37.0,6.0,15.0,0.0,3.9721769282478934,Democrat,Clinton,Under 40
0.0,0.0,6.0,1.0,6.0,6.0,39.0,5.0,15.0,1.0,-2.3025850929940455,Republican,Dole,Under 40
2.0,6.0,3.0,4.0,6.0,0.0,35.0,4.0,15.0,0.0,0.7419373447293773,Democrat,Clinton,Under 40
190.0,4.0,2.0,3.0,6.0,0.0,62.0,7.0,15.0,0.0,5.247550249494384,Democrat,Clinton,60+
31.0,0.0,3.0,2.0,6.0,1.0,30.0,7.0,15.0,0.0,3.4372078191851885,Democrat,Clinton,Under 40
16.0,7.0,4.0,2.0,6.0,0.0,74.0,4.0,15.0,0.0,2.7788192719904172,Democrat,Clinton,60+
22.0,7.0,3.0,3.0,4.0,5.0,47.0,3.0,15.0,0.0,3.095577608523707,Republican,Clinton,40-59
3.0,4.0,4.0,5.0,3.0,1.0,43.0,6.0,15.0,0.0,1.1314021114911006,Democrat,Clinton,40-59
0.0,6.0,5.0,3.0,6.0,5.0,64.0,2.0,15.0,1.0,-2.3025850929940455,Republican,Dole,60+
0.0,7.0,4.0,3.0,5.0,2.0,75.0,4.0,15.0,1.0,-2.3025850929940455,Democrat,Dole,60+
67.0,3.0,4.0,4.0,7.0,1.0,27.0,6.0,15.0,0.0,4.206184043977636,Democrat,Clinton,Under 40
40.0,7.0,4.0,4.0,6.0,0.0,21.0,3.0,15.0,0.0,3.6913763343125234,Democrat,Clinton,Under 40
74.0,4.0,2.0,2.0,6.0,1.0,70.0,2.0,15.0,0.0,4.3054155323020415,Democrat,Clinton,60+
3.0,6.0,5.0,2.0,6.0,5.0,67.0,3.0,15.0,1.0,1.1314021114911006,Republican,Dole,60+
140.0,7.0,6.0,4.0,5.0,6.0,82.0,5.0,15.0,0.0,4.942356453342962,Republican,Clinton,60+
14.0,0.0,2.0,2.0,6.0,0.0,40.0,6.0,15.0,0.0,2.6461747973841225,Democrat,Clinton,40-59
110.0,0.0,5.0,3.0,6.0,5.0,26.0,4.0,15.0,1.0,4.701389043728634,Republican,Dole,Under 40
35.0,3.0,4.0,3.0,5.0,1.0,29.0,6.0,15.0,0.0,3.55820113047182,Democrat,Clinton,Under 40
0.0,1.0,4.0,5.0,6.0,2.0,28.0,6.0,15.0,0.0,-2.3025850929940455,Democrat,Clinton,Under 40
310.0,7.0,6.0,4.0,3.0,5.0,65.0,3.0,15.0,0.0,5.736894826106403,Republican,Clinton,60+
900.0,2.0,6.0,5.0,3.0,1.0,25.0,3.0,15.0,0.0,6.802505868263039,Democrat,Clinton,Under 40
0.0,7.0,3.0,2.0,7.0,1.0,65.0,2.0,15.0,0.0,-2.3025850929940455,Democrat,Clinton,60+
11.0,4.0,6.0,2.0,6.0,5.0,38.0,5.0,15.0,1.0,2.4069451083182885,Republican,Dole,Under 40
0.0,2.0,4.0,3.0,5.0,5.0,72.0,7.0,15.0,1.0,-2.3025850929940455,Republican,Dole,60+
270.0,7.0,3.0,2.0,7.0,1.0,67.0,3.0,15.0,0.0,5.59879226079857,Democrat,Clinton,60+
51.0,7.0,3.0,1.0,7.0,0.0,74.0,3.0,15.0,0.0,3.933784497209659,Democrat,Clinton,60+
11.0,5.0,2.0,4.0,4.0,2.0,71.0,6.0,15.0,0.0,2.4069451083182885,Democrat,Clinton,60+
2.0,0.0,4.0,6.0,4.0,0.0,47.0,3.0,15.0,0.0,0.7419373447293773,Democrat,Clinton,40-59
20.0,7.0,5.0,4.0,6.0,1.0,69.0,1.0,15.0,0.0,3.0007198150650303,Democrat,Clinton,60+
31.0,3.0,3.0,3.0,6.0,1.0,29.0,6.0,15.0,0.0,3.4372078191851885,Democrat,Clinton,Under 40
2.0,0.0,6.0,2.0,5.0,6.0,34.0,3.0,15.0,1.0,0.7419373447293773,Republican,Dole,Under 40
5.0,3.0,4.0,3.0,6.0,0.0,43.0,4.0,15.0,0.0,1.62924053973028,Democrat,Clinton,40-59
22.0,7.0,2.0,1.0,7.0,0.0,30.0,3.0,15.0,0.0,3.095577608523707,Democrat,Clinton,Under 40
0.0,7.0,5.0,5.0,4.0,0.0,76.0,2.0,15.0,0.0,-2.3025850929940455,Democrat,Clinton,60+
27.0,0.0,2.0,4.0,6.0,1.0,26.0,5.0,16.0,0.0,3.299533727885655,Democrat,Clinton,Under 40
7.0,7.0,4.0,3.0,6.0,2.0,76.0,5.0,16.0,0.0,1.9600947840472698,Democrat,Clinton,60+
0.0,0.0,1.0,4.0,6.0,1.0,42.0,7.0,16.0,0.0,-2.3025850929940455,Democrat,Clinton,40-59
0.0,4.0,3.0,1.0,4.0,5.0,33.0,3.0,16.0,1.0,-2.3025850929940455,Republican,Dole,Under 40
0.0,1.0,6.0,2.0,5.0,5.0,25.0,3.0,16.0,1.0,-2.3025850929940455,Republican,Dole,Under 40
2800.0,0.0,2.0,2.0,7.0,0.0,51.0,4.0,16.0,0.0,7.937410409811269,Democrat,Clinton,40-59
0.0,4.0,4.0,2.0,5.0,4.0,57.0,3.0,16.0,1.0,-2.3025850929940455,Republican,Dole,40-59
22.0,1.0,6.0,1.0,5.0,6.0,21.0,4.0,16.0,1.0,3.095577608523707,Republican,Dole,Under 40
9.0,7.0,5.0,1.0,4.0,5.0,79.0,7.0,16.0,1.0,2.2082744135228043,Republican,Dole,60+
0.0,1.0,6.0,2.0,5.0,5.0,35.0,5.0,16.0,1.0,-2.3025850929940455,Republican,Dole,Under 40
9.0,5.0,4.0,2.0,5.0,4.0,57.0,6.0,16.0,1.0,2.2082744135228043,Republican,Dole,40-59
0.0,1.0,4.0,4.0,6.0,5.0,32.0,6.0,16.0,0.0,-2.3025850929940455,Republican,Clinton,Under 40
37.0,5.0,4.0,5.0,5.0,2.0,51.0,6.0,16.0,0.0,3.6136169696133895,Democrat,Clinton,40-59
23.0,0.0,5.0,2.0,4.0,6.0,62.0,7.0,16.0,1.0,3.139832617527748,Republican,Dole,60+
0.0,4.0,5.0,1.0,6.0,5.0,48.0,4.0,16.0,1.0,-2.3025850929940455,Republican,Dole,40-59
0.0,7.0,7.0,1.0,6.0,6.0,39.0,3.0,16.0,1.0,-2.3025850929940455,Republican,Dole,Under 40
0.0,5.0,3.0,2.0,6.0,5.0,26.0,6.0,16.0,1.0,-2.3025850929940455,Republican,Dole,Under 40
40.0,0.0,4.0,2.0,4.0,1.0,38.0,3.0,16.0,1.0,3.6913763343125234,Democrat,Dole,Under 40
0.0,5.0,3.0,3.0,4.0,0.0,50.0,4.0,16.0,0.0,-2.3025850929940455,Democrat,Clinton,40-59
9.0,2.0,5.0,5.0,6.0,4.0,33.0,3.0,16.0,1.0,2.2082744135228043,Republican,Dole,Under 40
15.0,5.0,4.0,3.0,6.0,2.0,36.0,3.0,16.0,0.0,2.714694743820879,Democrat,Clinton,Under 40
640.0,5.0,4.0,4.0,6.0,0.0,24.0,6.0,16.0,0.0,6.461624414147958,Democrat,Clinton,Under 40
0.0,4.0,3.0,2.0,6.0,0.0,25.0,5.0,16.0,0.0,-2.3025850929940455,Democrat,Clinton,Under 40
0.0,7.0,6.0,5.0,3.0,0.0,62.0,3.0,16.0,0.0,-2.3025850929940455,Democrat,Clinton,60+
0.0,2.0,4.0,3.0,3.0,6.0,33.0,3.0,16.0,1.0,-2.3025850929940455,Republican,Dole,Under 40
0.0,7.0,6.0,2.0,5.0,6.0,53.0,6.0,16.0,1.0,-2.3025850929940455,Republican,Dole,40-59
22.0,7.0,6.0,2.0,5.0,6.0,68.0,6.0,16.0,1.0,3.095577608523707,Republican,Dole,60+
22.0,7.0,5.0,4.0,6.0,1.0,68.0,3.0,16.0,0.0,3.095577608523707,Democrat,Clinton,60+
10.0,1.0,6.0,1.0,5.0,5.0,38.0,3.0,16.0,1.0,2.312535423847214,Republican,Dole,Under 40
29.0,1.0,4.0,5.0,3.0,0.0,58.0,1.0,16.0,0.0,3.370738174177447,Democrat,Clinton,40-59
170.0,7.0,4.0,2.0,6.0,5.0,34.0,6.0,16.0,1.0,5.136386499401816,Republican,Dole,Under 40
4.0,2.0,4.0,3.0,4.0,1.0,58.0,2.0,16.0,0.0,1.410986973710262,Democrat,Clinton,40-59
11.0,0.0,3.0,4.0,7.0,1.0,35.0,5.0,16.0,0.0,2.4069451083182885,Democrat,Clinton,Under 40
31.0,3.0,7.0,2.0,6.0,6.0,42.0,6.0,16.0,1.0,3.4372078191851885,Republican,Dole,40-59
0.0,7.0,4.0,4.0,6.0,0.0,54.0,3.0,16.0,0.0,-2.3025850929940455,Democrat,Clinton,40-59
0.0,7.0,6.0,2.0,5.0,6.0,69.0,3.0,16.0,1.0,-2.3025850929940455,Republican,Dole,60+
360.0,2.0,4.0,6.0,5.0,0.0,35.0,4.0,16.0,0.0,5.88638177065483,Democrat,Clinton,Under 40
0.0,7.0,6.0,1.0,5.0,6.0,66.0,4.0,16.0,1.0,-2.3025850929940455,Republican,Dole,60+
900.0,2.0,3.0,2.0,7.0,0.0,58.0,3.0,16.0,0.0,6.802505868263039,Democrat,Clinton,40-59
51.0,5.0,2.0,4.0,7.0,1.0,41.0,3.0,16.0,0.0,3.933784497209659,Democrat,Clinton,40-59
0.0,2.0,5.0,2.0,6.0,4.0,35.0,6.0,16.0,0.0,-2.3025850929940455,Republican,Clinton,Under 40
110.0,0.0,3.0,3.0,6.0,1.0,40.0,7.0,16.0,0.0,4.701389043728634,Democrat,Clinton,40-59
1.0,7.0,4.0,7.0,2.0,0.0,53.0,1.0,16.0,0.0,0.09531017980432493,Democrat,Clinton,40-59
8.0,5.0,6.0,2.0,6.0,5.0,67.0,6.0,16.0,1.0,2.0918640616783932,Republican,Dole,60+
5.0,5.0,4.0,4.0,6.0,0.0,32.0,5.0,16.0,0.0,1.62924053973028,Democrat,Clinton,Under 40
87.0,4.0,3.0,4.0,6.0,0.0,41.0,4.0,16.0,0.0,4.467056883858457,Democrat,Clinton,40-59
3.0,1.0,2.0,1.0,6.0,1.0,43.0,7.0,16.0,0.0,1.1314021114911006,Democrat,Clinton,40-59
51.0,1.0,5.0,3.0,2.0,0.0,65.0,2.0,16.0,0.0,3.933784497209659,Democrat,Clinton,60+
350.0,7.0,3.0,3.0,7.0,0.0,60.0,5.0,16.0,0.0,5.85821882796062,Democrat,Clinton,60+
3.0,7.0,5.0,3.0,6.0,0.0,77.0,6.0,16.0,0.0,1.1314021114911006,Democrat,Clinton,60+
630.0,0.0,6.0,5.0,4.0,1.0,35.0,4.0,16.0,0.0,6.44587853694801,Democrat,Clinton,Under 40
180.0,4.0,6.0,7.0,5.0,1.0,48.0,4.0,16.0,0.0,5.19351225218191,Democrat,Clinton,40-59
0.0,0.0,6.0,2.0,6.0,6.0,52.0,3.0,16.0,1.0,-2.3025850929940455,Republican,Dole,40-59
35.0,7.0,5.0,3.0,6.0,2.0,43.0,7.0,16.0,0.0,3.55820113047182,Democrat,Clinton,40-59
0.0,7.0,6.0,2.0,6.0,6.0,43.0,5.0,16.0,1.0,-2.3025850929940455,Republican,Dole,40-59
0.0,7.0,6.0,2.0,6.0,6.0,67.0,4.0,16.0,1.0,-2.3025850929940455,Republican,Dole,60+
6.0,1.0,4.0,4.0,7.0,0.0,56.0,3.0,16.0,0.0,1.8082887711792655,Democrat,Clinton,40-59
7300.0,2.0,3.0,3.0,4.0,0.0,62.0,4.0,16.0,0.0,8.895643325672793,Democrat,Clinton,60+
2.0,1.0,7.0,7.0,5.0,0.0,62.0,3.0,16.0,0.0,0.7419373447293773,Democrat,Clinton,60+
35.0,3.0,3.0,2.0,6.0,1.0,22.0,6.0,16.0,0.0,3.55820113047182,Democrat,Clinton,Under 40
0.0,0.0,2.0,2.0,6.0,1.0,21.0,5.0,16.0,0.0,-2.3025850929940455,Democrat,Clinton,Under 40
45.0,3.0,6.0,1.0,6.0,6.0,34.0,3.0,16.0,1.0,3.8088822465086327,Republican,Dole,Under 40
0.0,7.0,4.0,3.0,5.0,0.0,70.0,3.0,16.0,0.0,-2.3025850929940455,Democrat,Clinton,60+
5.0,1.0,3.0,2.0,6.0,2.0,50.0,3.0,16.0,0.0,1.62924053973028,Democrat,Clinton,40-59
35.0,5.0,6.0,1.0,6.0,6.0,42.0,4.0,16.0,1.0,3.55820113047182,Republican,Dole,40-59
900.0,5.0,6.0,2.0,6.0,6.0,73.0,3.0,16.0,1.0,6.802505868263039,Republican,Dole,60+
35.0,2.0,3.0,1.0,6.0,0.0,57.0,7.0,16.0,0.0,3.55820113047182,Democrat,Clinton,40-59
0.0,7.0,6.0,1.0,5.0,6.0,40.0,6.0,16.0,1.0,-2.3025850929940455,Republican,Dole,40-59
0.0,2.0,6.0,1.0,6.0,6.0,58.0,6.0,16.0,1.0,-2.3025850929940455,Republican,Dole,40-59
11.0,7.0,4.0,6.0,2.0,1.0,62.0,3.0,16.0,0.0,2.4069451083182885,Democrat,Clinton,60+
40.0,1.0,3.0,5.0,3.0,1.0,44.0,3.0,17.0,0.0,3.6913763343125234,Democrat,Clinton,40-59
0.0,3.0,5.0,3.0,7.0,6.0,30.0,6.0,17.0,0.0,-2.3025850929940455,Republican,Clinton,Under 40
23.0,7.0,3.0,3.0,7.0,0.0,76.0,5.0,17.0,0.0,3.139832617527748,Democrat,Clinton,60+
270.0,3.0,4.0,3.0,3.0,1.0,50.0,4.0,17.0,0.0,5.59879226079857,Democrat,Clinton,40-59
9.0,1.0,6.0,2.0,5.0,5.0,41.0,4.0,17.0,1.0,2.2082744135228043,Republican,Dole,40-59
0.0,6.0,6.0,3.0,6.0,6.0,77.0,3.0,17.0,1.0,-2.3025850929940455,Republican,Dole,60+
0.0,3.0,6.0,3.0,5.0,6.0,35.0,6.0,17.0,1.0,-2.3025850929940455,Republican,Dole,Under 40
0.0,7.0,4.0,3.0,4.0,3.0,39.0,4.0,17.0,0.0,-2.3025850929940455,Independent,Clinton,Under 40
2.0,0.0,4.0,2.0,4.0,4.0,72.0,3.0,17.0,1.0,0.7419373447293773,Republican,Dole,60+
0.0,2.0,6.0,2.0,5.0,6.0,42.0,7.0,17.0,1.0,-2.3025850929940455,Republican,Dole,40-59
16.0,7.0,5.0,2.0,6.0,5.0,85.0,2.0,17.0,1.0,2.7788192719904172,Republican,Dole,60+
7300.0,0.0,4.0,2.0,6.0,3.0,79.0,4.0,17.0,0.0,8.895643325672793,Independent,Clinton,60+
0.0,5.0,2.0,3.0,6.0,0.0,39.0,4.0,17.0,0.0,-2.3025850929940455,Democrat,Clinton,Under 40
23.0,4.0,6.0,1.0,5.0,6.0,58.0,6.0,17.0,1.0,3.139832617527748,Republican,Dole,40-59
42.0,0.0,4.0,2.0,6.0,5.0,27.0,6.0,17.0,1.0,3.7400477406883357,Republican,Dole,Under 40
2.0,4.0,4.0,3.0,5.0,1.0,43.0,5.0,17.0,0.0,0.7419373447293773,Democrat,Clinton,40-59
0.0,0.0,3.0,3.0,6.0,0.0,58.0,4.0,17.0,0.0,-2.3025850929940455,Democrat,Clinton,40-59
42.0,7.0,4.0,3.0,6.0,4.0,28.0,7.0,17.0,1.0,3.7400477406883357,Republican,Dole,Under 40
470.0,2.0,5.0,3.0,6.0,5.0,27.0,6.0,17.0,0.0,6.152945438030085,Republican,Clinton,Under 40
42.0,0.0,3.0,6.0,5.0,2.0,40.0,3.0,17.0,0.0,3.7400477406883357,Democrat,Clinton,40-59
0.0,5.0,1.0,3.0,6.0,0.0,43.0,6.0,17.0,0.0,-2.3025850929940455,Democrat,Clinton,40-59
40.0,7.0,5.0,4.0,6.0,5.0,64.0,3.0,17.0,1.0,3.6913763343125234,Republican,Dole,60+
180.0,7.0,2.0,2.0,6.0,0.0,39.0,6.0,17.0,0.0,5.19351225218191,Democrat,Clinton,Under 40
110.0,7.0,4.0,2.0,6.0,4.0,76.0,4.0,17.0,1.0,4.701389043728634,Republican,Dole,60+
140.0,5.0,3.0,3.0,6.0,0.0,64.0,5.0,17.0,0.0,4.942356453342962,Democrat,Clinton,60+
0.0,4.0,4.0,6.0,3.0,2.0,28.0,4.0,17.0,0.0,-2.3025850929940455,Democrat,Clinton,Under 40
0.0,2.0,4.0,2.0,6.0,1.0,45.0,3.0,17.0,0.0,-2.3025850929940455,Democrat,Clinton,40-59
190.0,1.0,6.0,2.0,6.0,6.0,22.0,3.0,17.0,1.0,5.247550249494384,Republican,Dole,Under 40
35.0,1.0,3.0,3.0,6.0,1.0,27.0,6.0,17.0,0.0,3.55820113047182,Democrat,Clinton,Under 40
45.0,0.0,1.0,2.0,7.0,0.0,31.0,4.0,17.0,0.0,3.8088822465086327,Democrat,Clinton,Under 40
170.0,1.0,2.0,2.0,7.0,0.0,34.0,6.0,17.0,0.0,5.136386499401816,Democrat,Clinton,Under 40
0.0,4.0,2.0,3.0,7.0,0.0,30.0,4.0,17.0,0.0,-2.3025850929940455,Democrat,Clinton,Under 40
0.0,2.0,6.0,1.0,6.0,6.0,64.0,3.0,17.0,1.0,-2.3025850929940455,Republican,Dole,60+
35.0,0.0,6.0,1.0,6.0,4.0,36.0,6.0,17.0,1.0,3.55820113047182,Republican,Dole,Under 40
5.0,7.0,4.0,3.0,5.0,4.0,31.0,2.0,17.0,1.0,1.62924053973028,Republican,Dole,Under 40
350.0,1.0,4.0,3.0,4.0,5.0,37.0,3.0,17.0,1.0,5.85821882796062,Republican,Dole,Under 40
4.0,0.0,6.0,4.0,2.0,1.0,48.0,3.0,17.0,0.0,1.410986973710262,Democrat,Clinton,40-59
70.0,0.0,5.0,7.0,7.0,3.0,41.0,3.0,17.0,0.0,4.249922794040544,Independent,Clinton,40-59
8.0,2.0,5.0,2.0,6.0,5.0,25.0,4.0,17.0,1.0,2.0918640616783932,Republican,Dole,Under 40
12.0,5.0,4.0,2.0,6.0,6.0,82.0,3.0,17.0,1.0,2.4932054526026954,Republican,Dole,60+
5.0,1.0,6.0,2.0,5.0,4.0,36.0,7.0,17.0,1.0,1.62924053973028,Republican,Dole,Under 40
0.0,7.0,6.0,2.0,5.0,1.0,47.0,3.0,17.0,1.0,-2.3025850929940455,Democrat,Dole,40-59
16.0,6.0,2.0,3.0,6.0,0.0,67.0,4.0,17.0,0.0,2.7788192719904172,Democrat,Clinton,60+
0.0,0.0,4.0,6.0,2.0,5.0,24.0,4.0,17.0,1.0,-2.3025850929940455,Republican,Dole,Under 40
9.0,0.0,4.0,5.0,3.0,5.0,33.0,6.0,17.0,1.0,2.2082744135228043,Republican,Dole,Under 40
14.0,7.0,4.0,1.0,5.0,1.0,59.0,4.0,17.0,1.0,2.6461747973841225,Democrat,Dole,40-59
22.0,7.0,7.0,1.0,6.0,6.0,71.0,4.0,17.0,1.0,3.095577608523707,Republican,Dole,60+
0.0,7.0,6.0,2.0,5.0,6.0,36.0,3.0,17.0,1.0,-2.3025850929940455,Republican,Dole,Under 40
1.0,3.0,3.0,3.0,5.0,0.0,41.0,3.0,17.0,0.0,0.09531017980432493,Democrat,Clinton,40-59
1600.0,5.0,6.0,2.0,6.0,6.0,38.0,6.0,17.0,1.0,7.377821406274829,Republican,Dole,Under 40
7300.0,1.0,6.0,3.0,6.0,6.0,32.0,3.0,17.0,1.0,8.895643325672793,Republican,Dole,Under 40
19.0,0.0,5.0,6.0,7.0,1.0,32.0,4.0,17.0,0.0,2.9496883350525844,Democrat,Clinton,Under 40
9.0,6.0,5.0,4.0,6.0,0.0,75.0,6.0,17.0,0.0,2.2082744135228043,Democrat,Clinton,60+
0.0,7.0,5.0,2.0,4.0,4.0,52.0,3.0,17.0,1.0,-2.3025850929940455,Republican,Dole,40-59
1600.0,5.0,2.0,3.0,6.0,0.0,29.0,7.0,17.0,0.0,7.377821406274829,Democrat,Clinton,Under 40
12.0,7.0,3.0,4.0,6.0,0.0,71.0,3.0,17.0,0.0,2.4932054526026954,Democrat,Clinton,60+
1.0,0.0,6.0,2.0,5.0,2.0,33.0,6.0,17.0,0.0,0.09531017980432493,Democrat,Clinton,Under 40
0.0,3.0,1.0,2.0,7.0,2.0,67.0,7.0,17.0,0.0,-2.3025850929940455,Democrat,Clinton,60+
0.0,2.0,6.0,1.0,6.0,6.0,49.0,4.0,17.0,1.0,-2.3025850929940455,Republican,Dole,40-59
0.0,0.0,2.0,3.0,5.0,1.0,31.0,7.0,17.0,0.0,-2.3025850929940455,Democrat,Clinton,Under 40
9.0,7.0,3.0,4.0,6.0,1.0,53.0,2.0,17.0,0.0,2.2082744135228043,Democrat,Clinton,40-59
0.0,3.0,2.0,3.0,7.0,0.0,35.0,7.0,17.0,0.0,-2.3025850929940455,Democrat,Clinton,Under 40
170.0,7.0,6.0,2.0,6.0,6.0,49.0,7.0,18.0,1.0,5.136386499401816,Republican,Dole,40-59
3.0,7.0,6.0,4.0,4.0,0.0,74.0,3.0,18.0,0.0,1.1314021114911006,Democrat,Clinton,60+
14.0,0.0,6.0,1.0,5.0,6.0,29.0,4.0,18.0,1.0,2.6461747973841225,Republican,Dole,Under 40
1.0,5.0,2.0,3.0,6.0,0.0,27.0,6.0,18.0,0.0,0.09531017980432493,Democrat,Clinton,Under 40
23.0,5.0,4.0,4.0,6.0,5.0,70.0,4.0,18.0,0.0,3.139832617527748,Republican,Clinton,60+
0.0,0.0,6.0,1.0,6.0,6.0,43.0,6.0,18.0,1.0,-2.3025850929940455,Republican,Dole,40-59
1.0,5.0,2.0,3.0,6.0,2.0,47.0,7.0,18.0,0.0,0.09531017980432493,Democrat,Clinton,40-59
0.0,4.0,4.0,4.0,6.0,0.0,42.0,7.0,18.0,0.0,-2.3025850929940455,Democrat,Clinton,40-59
9.0,0.0,6.0,2.0,5.0,6.0,41.0,6.0,18.0,1.0,2.2082744135228043,Republican,Dole,40-59
130.0,2.0,6.0,4.0,6.0,6.0,37.0,4.0,18.0,1.0,4.86830338551846,Republican,Dole,Under 40
5.0,5.0,5.0,5.0,4.0,1.0,61.0,3.0,18.0,0.0,1.62924053973028,Democrat,Clinton,60+
4.0,7.0,4.0,2.0,6.0,0.0,84.0,4.0,18.0,0.0,1.410986973710262,Democrat,Clinton,60+
2800.0,7.0,5.0,3.0,7.0,0.0,46.0,6.0,18.0,0.0,7.937410409811269,Democrat,Clinton,40-59
4.0,0.0,4.0,3.0,6.0,5.0,39.0,7.0,18.0,0.0,1.410986973710262,Republican,Clinton,Under 40
6.0,7.0,2.0,3.0,6.0,0.0,53.0,3.0,18.0,0.0,1.8082887711792655,Democrat,Clinton,40-59
4.0,7.0,5.0,1.0,6.0,6.0,87.0,6.0,18.0,1.0,1.410986973710262,Republican,Dole,60+
84.0,2.0,4.0,6.0,2.0,0.0,51.0,3.0,18.0,0.0,4.432006566978902,Democrat,Clinton,40-59
0.0,0.0,5.0,2.0,5.0,4.0,37.0,5.0,18.0,1.0,-2.3025850929940455,Republican,Dole,Under 40
9.0,1.0,4.0,3.0,5.0,4.0,37.0,6.0,18.0,1.0,2.2082744135228043,Republican,Dole,Under 40
290.0,0.0,5.0,2.0,6.0,6.0,40.0,6.0,18.0,1.0,5.670225691127358,Republican,Dole,40-59
0.0,3.0,4.0,4.0,6.0,2.0,46.0,6.0,18.0,0.0,-2.3025850929940455,Democrat,Clinton,40-59
9.0,7.0,1.0,4.0,1.0,3.0,44.0,3.0,18.0,1.0,2.2082744135228043,Independent,Dole,40-59
0.0,2.0,4.0,3.0,6.0,1.0,37.0,3.0,18.0,0.0,-2.3025850929940455,Democrat,Clinton,Under 40
0.0,7.0,4.0,2.0,6.0,2.0,55.0,7.0,18.0,0.0,-2.3025850929940455,Democrat,Clinton,40-59
22.0,0.0,5.0,2.0,5.0,1.0,40.0,6.0,18.0,1.0,3.095577608523707,Democrat,Dole,40-59
0.0,5.0,3.0,2.0,6.0,1.0,42.0,7.0,18.0,0.0,-2.3025850929940455,Democrat,Clinton,40-59
640.0,7.0,6.0,2.0,6.0,6.0,40.0,3.0,18.0,1.0,6.461624414147958,Republican,Dole,40-59
10.0,0.0,6.0,2.0,6.0,6.0,32.0,3.0,18.0,1.0,2.312535423847214,Republican,Dole,Under 40
4.0,5.0,5.0,2.0,5.0,4.0,58.0,7.0,18.0,1.0,1.410986973710262,Republican,Dole,40-59
0.0,2.0,5.0,1.0,6.0,4.0,37.0,3.0,18.0,1.0,-2.3025850929940455,Republican,Dole,Under 40
640.0,4.0,4.0,5.0,5.0,5.0,51.0,3.0,18.0,1.0,6.461624414147958,Republican,Dole,40-59
110.0,5.0,3.0,5.0,4.0,5.0,44.0,5.0,18.0,0.0,4.701389043728634,Republican,Clinton,40-59
0.0,2.0,4.0,5.0,2.0,0.0,23.0,2.0,18.0,0.0,-2.3025850929940455,Democrat,Clinton,Under 40
0.0,2.0,6.0,2.0,6.0,6.0,38.0,3.0,18.0,1.0,-2.3025850929940455,Republican,Dole,Under 40
67.0,0.0,3.0,4.0,6.0,0.0,42.0,7.0,18.0,0.0,4.206184043977636,Democrat,Clinton,40-59
520.0,7.0,4.0,2.0,5.0,4.0,60.0,4.0,18.0,1.0,6.254021100779027,Republican,Dole,60+
0.0,3.0,4.0,3.0,6.0,1.0,34.0,4.0,18.0,0.0,-2.3025850929940455,Democrat,Clinton,Under 40
51.0,1.0,6.0,2.0,6.0,6.0,49.0,3.0,18.0,1.0,3.933784497209659,Republican,Dole,40-59
0.0,0.0,4.0,2.0,3.0,4.0,40.0,3.0,18.0,1.0,-2.3025850929940455,Republican,Dole,40-59
2800.0,7.0,2.0,2.0,7.0,0.0,23.0,4.0,18.0,0.0,7.937410409811269,Democrat,Clinton,Under 40
110.0,2.0,2.0,3.0,6.0,0.0,47.0,3.0,18.0,0.0,4.701389043728634,Democrat,Clinton,40-59
7300.0,7.0,4.0,4.0,7.0,0.0,44.0,5.0,18.0,0.0,8.895643325672793,Democrat,Clinton,40-59
7300.0,5.0,5.0,2.0,6.0,1.0,37.0,7.0,18.0,1.0,8.895643325672793,Democrat,Dole,Under 40
0.0,2.0,6.0,1.0,6.0,5.0,26.0,5.0,18.0,1.0,-2.3025850929940455,Republican,Dole,Under 40
16.0,7.0,7.0,6.0,5.0,2.0,51.0,4.0,18.0,0.0,2.7788192719904172,Democrat,Clinton,40-59
140.0,4.0,4.0,4.0,6.0,0.0,69.0,3.0,18.0,0.0,4.942356453342962,Democrat,Clinton,60+
54.0,2.0,2.0,2.0,7.0,0.0,36.0,6.0,18.0,0.0,3.9908341858524357,Democrat,Clinton,Under 40
2.0,2.0,2.0,3.0,6.0,2.0,28.0,4.0,18.0,0.0,0.7419373447293773,Democrat,Clinton,Under 40
470.0,4.0,5.0,2.0,6.0,5.0,40.0,4.0,19.0,1.0,6.152945438030085,Republican,Dole,40-59
0.0,1.0,6.0,1.0,6.0,5.0,45.0,4.0,19.0,1.0,-2.3025850929940455,Republican,Dole,40-59
75.0,3.0,5.0,2.0,5.0,5.0,75.0,6.0,19.0,1.0,4.318820558770089,Republican,Dole,60+
11.0,2.0,6.0,2.0,5.0,5.0,32.0,6.0,19.0,1.0,2.4069451083182885,Republican,Dole,Under 40
0.0,0.0,3.0,2.0,6.0,1.0,27.0,3.0,19.0,0.0,-2.3025850929940455,Democrat,Clinton,Under 40
2800.0,6.0,5.0,2.0,5.0,3.0,63.0,6.0,19.0,1.0,7.937410409811269,Independent,Dole,60+
140.0,1.0,5.0,3.0,6.0,6.0,79.0,7.0,19.0,1.0,4.942356453342962,Republican,Dole,60+
9.0,7.0,3.0,2.0,6.0,1.0,40.0,6.0,19.0,0.0,2.2082744135228043,Democrat,Clinton,40-59
7300.0,2.0,4.0,3.0,6.0,1.0,57.0,6.0,19.0,0.0,8.895643325672793,Democrat,Clinton,40-59
45.0,3.0,3.0,4.0,5.0,1.0,44.0,6.0,19.0,0.0,3.8088822465086327,Democrat,Clinton,40-59
1600.0,7.0,5.0,2.0,5.0,6.0,78.0,6.0,19.0,1.0,7.377821406274829,Republican,Dole,60+
9.0,7.0,4.0,5.0,5.0,5.0,58.0,7.0,19.0,0.0,2.2082744135228043,Republican,Clinton,40-59
0.0,7.0,2.0,2.0,7.0,1.0,55.0,3.0,19.0,0.0,-2.3025850929940455,Democrat,Clinton,40-59
130.0,4.0,3.0,4.0,6.0,2.0,25.0,6.0,19.0,0.0,4.86830338551846,Democrat,Clinton,Under 40
9.0,0.0,2.0,3.0,6.0,0.0,27.0,7.0,19.0,0.0,2.2082744135228043,Democrat,Clinton,Under 40
3500.0,3.0,4.0,2.0,7.0,2.0,21.0,3.0,19.0,0.0,8.16054681849792,Democrat,Clinton,Under 40
0.0,3.0,6.0,2.0,6.0,5.0,37.0,4.0,19.0,1.0,-2.3025850929940455,Republican,Dole,Under 40
0.0,0.0,7.0,3.0,4.0,5.0,31.0,3.0,19.0,1.0,-2.3025850929940455,Republican,Dole,Under 40
35.0,7.0,2.0,4.0,6.0,0.0,85.0,7.0,19.0,0.0,3.55820113047182,Democrat,Clinton,60+
900.0,1.0,4.0,2.0,6.0,5.0,33.0,3.0,19.0,0.0,6.802505868263039,Republican,Clinton,Under 40
27.0,7.0,3.0,7.0,4.0,3.0,63.0,2.0,19.0,1.0,3.299533727885655,Independent,Dole,60+
900.0,7.0,4.0,4.0,6.0,1.0,51.0,3.0,19.0,0.0,6.802505868263039,Democrat,Clinton,40-59
0.0,2.0,3.0,5.0,2.0,0.0,46.0,3.0,19.0,0.0,-2.3025850929940455,Democrat,Clinton,40-59
64.0,2.0,5.0,2.0,6.0,6.0,26.0,5.0,19.0,1.0,4.160444363926624,Republican,Dole,Under 40
4.0,7.0,3.0,3.0,6.0,0.0,57.0,6.0,19.0,0.0,1.410986973710262,Democrat,Clinton,40-59
0.0,3.0,4.0,2.0,6.0,1.0,48.0,3.0,19.0,1.0,-2.3025850929940455,Democrat,Dole,40-59
0.0,2.0,7.0,1.0,5.0,5.0,55.0,3.0,19.0,1.0,-2.3025850929940455,Republican,Dole,40-59
53.0,0.0,3.0,6.0,4.0,1.0,37.0,5.0,19.0,0.0,3.9721769282478934,Democrat,Clinton,Under 40
290.0,2.0,6.0,2.0,6.0,6.0,39.0,3.0,19.0,1.0,5.670225691127358,Republican,Dole,Under 40
15.0,2.0,2.0,3.0,4.0,1.0,24.0,3.0,19.0,1.0,2.714694743820879,Democrat,Dole,Under 40
0.0,0.0,6.0,3.0,6.0,6.0,30.0,6.0,19.0,1.0,-2.3025850929940455,Republican,Dole,Under 40
35.0,0.0,3.0,4.0,6.0,1.0,36.0,7.0,19.0,0.0,3.55820113047182,Democrat,Clinton,Under 40
0.0,0.0,5.0,4.0,6.0,4.0,45.0,3.0,19.0,0.0,-2.3025850929940455,Republican,Clinton,40-59
470.0,1.0,5.0,2.0,6.0,2.0,29.0,3.0,19.0,0.0,6.152945438030085,Democrat,Clinton,Under 40
16.0,7.0,6.0,3.0,6.0,5.0,41.0,4.0,19.0,1.0,2.7788192719904172,Republican,Dole,40-59
40.0,1.0,5.0,3.0,5.0,4.0,28.0,5.0,19.0,1.0,3.6913763343125234,Republican,Dole,Under 40
290.0,7.0,2.0,2.0,7.0,0.0,35.0,4.0,19.0,0.0,5.670225691127358,Democrat,Clinton,Under 40
4.0,7.0,2.0,3.0,6.0,0.0,46.0,4.0,19.0,0.0,1.410986973710262,Democrat,Clinton,40-59
1.0,7.0,1.0,2.0,7.0,1.0,55.0,4.0,19.0,0.0,0.09531017980432493,Democrat,Clinton,40-59
140.0,3.0,2.0,3.0,6.0,6.0,65.0,4.0,19.0,0.0,4.942356453342962,Republican,Clinton,60+
110.0,1.0,4.0,2.0,6.0,1.0,22.0,4.0,19.0,0.0,4.701389043728634,Democrat,Clinton,Under 40
0.0,1.0,4.0,4.0,6.0,1.0,41.0,4.0,19.0,0.0,-2.3025850929940455,Democrat,Clinton,40-59
900.0,1.0,2.0,3.0,6.0,2.0,43.0,7.0,19.0,0.0,6.802505868263039,Democrat,Clinton,40-59
0.0,2.0,4.0,3.0,6.0,0.0,49.0,4.0,19.0,0.0,-2.3025850929940455,Democrat,Clinton,40-59
0.0,4.0,4.0,2.0,5.0,4.0,35.0,7.0,19.0,1.0,-2.3025850929940455,Republican,Dole,Under 40
51.0,7.0,3.0,3.0,5.0,1.0,80.0,3.0,19.0,0.0,3.933784497209659,Democrat,Clinton,60+
71.0,2.0,4.0,6.0,2.0,0.0,57.0,4.0,19.0,0.0,4.264087336809195,Democrat,Clinton,40-59
900.0,4.0,3.0,3.0,6.0,0.0,48.0,3.0,19.0,0.0,6.802505868263039,Democrat,Clinton,40-59
83.0,4.0,1.0,4.0,6.0,2.0,43.0,6.0,19.0,0.0,4.420044701861403,Democrat,Clinton,40-59
360.0,3.0,4.0,4.0,7.0,0.0,34.0,4.0,19.0,0.0,5.88638177065483,Democrat,Clinton,Under 40
180.0,7.0,2.0,2.0,4.0,0.0,44.0,5.0,19.0,0.0,5.19351225218191,Democrat,Clinton,40-59
1.0,3.0,6.0,1.0,6.0,4.0,49.0,6.0,20.0,1.0,0.09531017980432493,Republican,Dole,40-59
22.0,7.0,5.0,2.0,7.0,2.0,43.0,7.0,20.0,0.0,3.095577608523707,Democrat,Clinton,40-59
1.0,0.0,4.0,3.0,5.0,6.0,39.0,4.0,20.0,1.0,0.09531017980432493,Republican,Dole,Under 40
2.0,2.0,4.0,3.0,7.0,1.0,27.0,3.0,20.0,0.0,0.7419373447293773,Democrat,Clinton,Under 40
34.0,4.0,6.0,2.0,6.0,6.0,30.0,6.0,20.0,1.0,3.529297384289471,Republican,Dole,Under 40
33.0,2.0,6.0,2.0,6.0,4.0,33.0,6.0,20.0,1.0,3.4995332823830174,Republican,Dole,Under 40
10.0,1.0,2.0,3.0,7.0,0.0,32.0,5.0,20.0,0.0,2.312535423847214,Democrat,Clinton,Under 40
290.0,7.0,5.0,2.0,6.0,6.0,31.0,6.0,20.0,1.0,5.670225691127358,Republican,Dole,Under 40
0.0,2.0,5.0,3.0,7.0,2.0,27.0,5.0,20.0,0.0,-2.3025850929940455,Democrat,Clinton,Under 40
76.0,3.0,2.0,2.0,6.0,0.0,36.0,4.0,20.0,0.0,4.33204826486764,Democrat,Clinton,Under 40
20.0,7.0,3.0,2.0,6.0,2.0,45.0,5.0,20.0,0.0,3.0007198150650303,Democrat,Clinton,40-59
0.0,5.0,4.0,6.0,5.0,2.0,51.0,3.0,20.0,0.0,-2.3025850929940455,Democrat,Clinton,40-59
0.0,0.0,6.0,2.0,3.0,5.0,36.0,4.0,20.0,1.0,-2.3025850929940455,Republican,Dole,Under 40
0.0,7.0,6.0,4.0,6.0,4.0,47.0,7.0,20.0,1.0,-2.3025850929940455,Republican,Dole,40-59
470.0,4.0,4.0,4.0,6.0,1.0,42.0,6.0,20.0,0.0,6.152945438030085,Democrat,Clinton,40-59
9.0,6.0,6.0,1.0,5.0,6.0,70.0,6.0,20.0,1.0,2.2082744135228043,Republican,Dole,60+
0.0,0.0,3.0,3.0,6.0,3.0,40.0,4.0,20.0,0.0,-2.3025850929940455,Independent,Clinton,40-59
0.0,7.0,2.0,5.0,7.0,0.0,38.0,3.0,20.0,0.0,-2.3025850929940455,Democrat,Clinton,Under 40
8.0,0.0,5.0,1.0,6.0,4.0,29.0,3.0,20.0,1.0,2.0918640616783932,Republican,Dole,Under 40
1.0,0.0,4.0,2.0,5.0,6.0,58.0,3.0,20.0,1.0,0.09531017980432493,Republican,Dole,40-59
1.0,7.0,4.0,6.0,1.0,2.0,28.0,3.0,20.0,0.0,0.09531017980432493,Democrat,Clinton,Under 40
7.0,1.0,6.0,3.0,6.0,5.0,30.0,4.0,20.0,1.0,1.9600947840472698,Republican,Dole,Under 40
0.0,3.0,4.0,3.0,6.0,2.0,48.0,5.0,20.0,0.0,-2.3025850929940455,Democrat,Clinton,40-59
170.0,0.0,6.0,2.0,6.0,6.0,35.0,4.0,20.0,1.0,5.136386499401816,Republican,Dole,Under 40
270.0,3.0,6.0,7.0,6.0,0.0,38.0,3.0,20.0,0.0,5.59879226079857,Democrat,Clinton,Under 40
0.0,0.0,4.0,2.0,5.0,4.0,56.0,7.0,20.0,1.0,-2.3025850929940455,Republican,Dole,40-59
13.0,4.0,5.0,3.0,6.0,5.0,62.0,4.0,20.0,1.0,2.5726122302071057,Republican,Dole,60+
10.0,7.0,6.0,1.0,6.0,5.0,56.0,4.0,20.0,1.0,2.312535423847214,Republican,Dole,40-59
22.0,0.0,6.0,2.0,5.0,6.0,32.0,3.0,20.0,1.0,3.095577608523707,Republican,Dole,Under 40
640.0,5.0,4.0,5.0,7.0,1.0,50.0,5.0,20.0,0.0,6.461624414147958,Democrat,Clinton,40-59
900.0,3.0,3.0,4.0,6.0,1.0,45.0,6.0,20.0,0.0,6.802505868263039,Democrat,Clinton,40-59
22.0,7.0,3.0,3.0,4.0,0.0,36.0,6.0,20.0,0.0,3.095577608523707,Democrat,Clinton,Under 40
62.0,1.0,6.0,2.0,6.0,6.0,49.0,4.0,20.0,1.0,4.128745988939433,Republican,Dole,40-59
110.0,2.0,7.0,1.0,6.0,6.0,31.0,6.0,20.0,1.0,4.701389043728634,Republican,Dole,Under 40
84.0,4.0,2.0,3.0,6.0,2.0,33.0,7.0,20.0,0.0,4.432006566978902,Democrat,Clinton,Under 40
0.0,1.0,6.0,2.0,6.0,6.0,35.0,4.0,20.0,1.0,-2.3025850929940455,Republican,Dole,Under 40
13.0,2.0,4.0,2.0,5.0,4.0,73.0,4.0,20.0,1.0,2.5726122302071057,Republican,Dole,60+
20.0,7.0,6.0,1.0,5.0,6.0,54.0,5.0,20.0,1.0,3.0007198150650303,Republican,Dole,40-59
0.0,3.0,4.0,2.0,7.0,1.0,48.0,3.0,20.0,0.0,-2.3025850929940455,Democrat,Clinton,40-59
16.0,3.0,6.0,2.0,6.0,4.0,65.0,4.0,20.0,1.0,2.7788192719904172,Republican,Dole,60+
6.0,7.0,5.0,6.0,5.0,6.0,46.0,4.0,20.0,0.0,1.8082887711792655,Republican,Clinton,40-59
12.0,0.0,2.0,2.0,6.0,0.0,45.0,7.0,20.0,0.0,2.4932054526026954,Democrat,Clinton,40-59
0.0,7.0,6.0,2.0,5.0,6.0,65.0,7.0,20.0,1.0,-2.3025850929940455,Republican,Dole,60+
0.0,0.0,6.0,2.0,6.0,6.0,45.0,6.0,20.0,1.0,-2.3025850929940455,Republican,Dole,40-59
170.0,7.0,4.0,1.0,5.0,4.0,89.0,7.0,20.0,1.0,5.136386499401816,Republican,Dole,60+
100.0,0.0,5.0,3.0,6.0,4.0,32.0,4.0,20.0,0.0,4.6061696863211745,Republican,Clinton,Under 40
5.0,4.0,6.0,4.0,4.0,1.0,38.0,4.0,20.0,0.0,1.62924053973028,Democrat,Clinton,Under 40
3500.0,5.0,2.0,4.0,2.0,5.0,33.0,4.0,20.0,1.0,8.16054681849792,Republican,Dole,Under 40
71.0,4.0,6.0,2.0,5.0,6.0,49.0,7.0,20.0,1.0,4.264087336809195,Republican,Dole,40-59
4.0,7.0,5.0,2.0,6.0,5.0,64.0,6.0,20.0,1.0,1.410986973710262,Republican,Dole,60+
7300.0,5.0,5.0,4.0,7.0,1.0,55.0,4.0,20.0,0.0,8.895643325672793,Democrat,Clinton,40-59
7.0,0.0,3.0,3.0,5.0,1.0,56.0,7.0,20.0,0.0,1.9600947840472698,Democrat,Clinton,40-59
290.0,4.0,4.0,5.0,3.0,5.0,30.0,6.0,20.0,0.0,5.670225691127358,Republican,Clinton,Under 40
0.0,0.0,5.0,4.0,6.0,5.0,41.0,7.0,20.0,1.0,-2.3025850929940455,Republican,Dole,40-59
0.0,1.0,6.0,2.0,5.0,6.0,39.0,5.0,20.0,1.0,-2.3025850929940455,Republican,Dole,Under 40
520.0,7.0,4.0,4.0,6.0,4.0,34.0,3.0,20.0,0.0,6.254021100779027,Republican,Clinton,Under 40
430.0,5.0,4.0,5.0,7.0,1.0,53.0,3.0,20.0,0.0,6.064017739789691,Democrat,Clinton,40-59
9.0,2.0,3.0,3.0,6.0,2.0,40.0,6.0,20.0,0.0,2.2082744135228043,Democrat,Clinton,40-59
40.0,0.0,3.0,3.0,6.0,1.0,48.0,6.0,20.0,0.0,3.6913763343125234,Democrat,Clinton,40-59
2.0,7.0,6.0,5.0,5.0,5.0,59.0,4.0,20.0,0.0,0.7419373447293773,Republican,Clinton,40-59
75.0,7.0,6.0,2.0,4.0,4.0,54.0,4.0,20.0,1.0,4.318820558770089,Republican,Dole,40-59
170.0,0.0,3.0,5.0,6.0,1.0,41.0,6.0,20.0,0.0,5.136386499401816,Democrat,Clinton,40-59
170.0,1.0,2.0,3.0,6.0,0.0,41.0,6.0,20.0,0.0,5.136386499401816,Democrat,Clinton,40-59
640.0,5.0,5.0,3.0,6.0,4.0,63.0,7.0,20.0,0.0,6.461624414147958,Republican,Clinton,60+
2800.0,1.0,7.0,1.0,6.0,4.0,39.0,3.0,20.0,1.0,7.937410409811269,Republican,Dole,Under 40
9.0,3.0,7.0,2.0,5.0,4.0,46.0,3.0,20.0,0.0,2.2082744135228043,Republican,Clinton,40-59
150.0,7.0,4.0,3.0,6.0,0.0,55.0,3.0,20.0,0.0,5.011301738639416,Democrat,Clinton,40-59
0.0,7.0,4.0,1.0,5.0,3.0,42.0,3.0,20.0,1.0,-2.3025850929940455,Independent,Dole,40-59
0.0,7.0,6.0,3.0,6.0,4.0,58.0,2.0,20.0,1.0,-2.3025850929940455,Republican,Dole,40-59
100.0,0.0,3.0,2.0,6.0,2.0,42.0,4.0,20.0,0.0,4.6061696863211745,Democrat,Clinton,40-59
33.0,7.0,4.0,3.0,4.0,2.0,40.0,6.0,20.0,1.0,3.4995332823830174,Democrat,Dole,40-59
310.0,7.0,5.0,2.0,5.0,1.0,56.0,6.0,20.0,1.0,5.736894826106403,Democrat,Dole,40-59
53.0,1.0,4.0,5.0,2.0,2.0,37.0,4.0,20.0,0.0,3.9721769282478934,Democrat,Clinton,Under 40
13.0,2.0,3.0,2.0,6.0,2.0,37.0,6.0,20.0,0.0,2.5726122302071057,Democrat,Clinton,Under 40
290.0,6.0,5.0,1.0,5.0,5.0,49.0,6.0,20.0,1.0,5.670225691127358,Republican,Dole,40-59
310.0,7.0,6.0,1.0,6.0,6.0,63.0,4.0,20.0,1.0,5.736894826106403,Republican,Dole,60+
0.0,7.0,6.0,2.0,5.0,6.0,30.0,7.0,20.0,1.0,-2.3025850929940455,Republican,Dole,Under 40
54.0,7.0,4.0,2.0,6.0,4.0,62.0,5.0,20.0,1.0,3.9908341858524357,Republican,Dole,60+
1600.0,0.0,4.0,3.0,6.0,1.0,30.0,6.0,20.0,0.0,7.377821406274829,Democrat,Clinton,Under 40
14.0,0.0,6.0,3.0,6.0,6.0,34.0,6.0,20.0,1.0,2.6461747973841225,Republican,Dole,Under 40
25.0,7.0,6.0,3.0,6.0,5.0,41.0,4.0,20.0,1.0,3.2228678461377385,Republican,Dole,40-59
45.0,0.0,4.0,5.0,4.0,6.0,43.0,3.0,20.0,1.0,3.8088822465086327,Republican,Dole,40-59
20.0,2.0,5.0,2.0,6.0,4.0,33.0,5.0,20.0,0.0,3.0007198150650303,Republican,Clinton,Under 40
18.0,6.0,4.0,3.0,5.0,5.0,67.0,7.0,20.0,1.0,2.89591193827178,Republican,Dole,60+
740.0,7.0,5.0,1.0,6.0,0.0,55.0,5.0,20.0,1.0,6.606785312203421,Democrat,Dole,40-59
9.0,6.0,2.0,2.0,6.0,0.0,33.0,5.0,20.0,0.0,2.2082744135228043,Democrat,Clinton,Under 40
5.0,0.0,6.0,1.0,5.0,5.0,61.0,4.0,20.0,1.0,1.62924053973028,Republican,Dole,60+
7300.0,7.0,4.0,1.0,6.0,4.0,45.0,3.0,20.0,0.0,8.895643325672793,Republican,Clinton,40-59
81.0,7.0,4.0,3.0,7.0,0.0,34.0,3.0,20.0,0.0,4.395682961121367,Democrat,Clinton,Under 40
190.0,1.0,6.0,2.0,6.0,6.0,35.0,3.0,20.0,1.0,5.247550249494384,Republican,Dole,Under 40
51.0,1.0,4.0,4.0,5.0,2.0,50.0,6.0,20.0,0.0,3.933784497209659,Democrat,Clinton,40-59
7300.0,7.0,3.0,4.0,2.0,0.0,38.0,4.0,20.0,0.0,8.895643325672793,Democrat,Clinton,Under 40
350.0,0.0,6.0,2.0,6.0,5.0,56.0,3.0,20.0,1.0,5.85821882796062,Republican,Dole,40-59
27.0,2.0,4.0,1.0,6.0,5.0,31.0,3.0,20.0,1.0,3.299533727885655,Republican,Dole,Under 40
33.0,5.0,6.0,1.0,4.0,5.0,40.0,7.0,20.0,1.0,3.4995332823830174,Republican,Dole,40-59
50.0,4.0,3.0,2.0,6.0,0.0,44.0,3.0,20.0,0.0,3.914021008090819,Democrat,Clinton,40-59
1.0,7.0,6.0,5.0,2.0,2.0,39.0,4.0,20.0,0.0,0.09531017980432493,Democrat,Clinton,Under 40
11.0,1.0,4.0,3.0,6.0,1.0,45.0,3.0,20.0,0.0,2.4069451083182885,Democrat,Clinton,40-59
51.0,5.0,3.0,3.0,6.0,0.0,72.0,6.0,20.0,0.0,3.933784497209659,Democrat,Clinton,60+
160.0,7.0,2.0,3.0,5.0,1.0,44.0,7.0,20.0,0.0,5.075798620002669,Democrat,Clinton,40-59
16.0,7.0,1.0,3.0,6.0,0.0,61.0,7.0,21.0,0.0,2.7788192719904172,Democrat,Clinton,60+
110.0,6.0,6.0,2.0,6.0,6.0,34.0,7.0,21.0,1.0,4.701389043728634,Republican,Dole,Under 40
110.0,4.0,5.0,2.0,5.0,5.0,61.0,6.0,21.0,1.0,4.701389043728634,Republican,Dole,60+
13.0,6.0,3.0,3.0,7.0,1.0,67.0,4.0,21.0,0.0,2.5726122302071057,Democrat,Clinton,60+
220.0,7.0,4.0,1.0,4.0,6.0,38.0,6.0,21.0,1.0,5.394081988532416,Republican,Dole,Under 40
470.0,7.0,4.0,2.0,6.0,1.0,50.0,6.0,21.0,0.0,6.152945438030085,Democrat,Clinton,40-59
22.0,6.0,6.0,1.0,6.0,6.0,62.0,4.0,21.0,1.0,3.095577608523707,Republican,Dole,60+
9.0,2.0,6.0,3.0,6.0,5.0,36.0,6.0,21.0,1.0,2.2082744135228043,Republican,Dole,Under 40
22.0,3.0,6.0,3.0,5.0,4.0,50.0,6.0,21.0,1.0,3.095577608523707,Republican,Dole,40-59
190.0,2.0,4.0,2.0,7.0,1.0,30.0,6.0,21.0,0.0,5.247550249494384,Democrat,Clinton,Under 40
100.0,5.0,6.0,2.0,6.0,6.0,59.0,5.0,21.0,1.0,4.6061696863211745,Republican,Dole,40-59
14.0,7.0,3.0,3.0,6.0,0.0,62.0,6.0,21.0,0.0,2.6461747973841225,Democrat,Clinton,60+
0.0,7.0,4.0,3.0,6.0,3.0,40.0,4.0,21.0,0.0,-2.3025850929940455,Independent,Clinton,40-59
180.0,1.0,6.0,1.0,6.0,6.0,30.0,4.0,21.0,1.0,5.19351225218191,Republican,Dole,Under 40
3.0,6.0,3.0,2.0,6.0,2.0,47.0,3.0,21.0,0.0,1.1314021114911006,Democrat,Clinton,40-59
51.0,2.0,5.0,2.0,6.0,1.0,41.0,6.0,21.0,0.0,3.933784497209659,Democrat,Clinton,40-59
9.0,2.0,6.0,1.0,6.0,6.0,35.0,7.0,21.0,1.0,2.2082744135228043,Republican,Dole,Under 40
0.0,7.0,5.0,2.0,6.0,6.0,45.0,4.0,21.0,1.0,-2.3025850929940455,Republican,Dole,40-59
0.0,2.0,4.0,2.0,6.0,4.0,34.0,6.0,21.0,1.0,-2.3025850929940455,Republican,Dole,Under 40
71.0,2.0,5.0,7.0,2.0,2.0,55.0,3.0,21.0,0.0,4.264087336809195,Democrat,Clinton,40-59
290.0,1.0,5.0,3.0,6.0,2.0,37.0,4.0,21.0,0.0,5.670225691127358,Democrat,Clinton,Under 40
45.0,3.0,5.0,2.0,4.0,4.0,61.0,7.0,21.0,1.0,3.8088822465086327,Republican,Dole,60+
0.0,3.0,4.0,5.0,4.0,1.0,62.0,2.0,21.0,0.0,-2.3025850929940455,Democrat,Clinton,60+
26.0,1.0,5.0,2.0,6.0,6.0,54.0,6.0,21.0,1.0,3.261935314328648,Republican,Dole,40-59
87.0,3.0,2.0,3.0,6.0,1.0,33.0,6.0,21.0,0.0,4.467056883858457,Democrat,Clinton,Under 40
0.0,0.0,2.0,3.0,6.0,1.0,50.0,6.0,21.0,0.0,-2.3025850929940455,Democrat,Clinton,40-59
630.0,0.0,3.0,4.0,7.0,2.0,37.0,3.0,21.0,0.0,6.44587853694801,Democrat,Clinton,Under 40
50.0,5.0,5.0,3.0,6.0,3.0,44.0,3.0,21.0,1.0,3.914021008090819,Independent,Dole,40-59
35.0,7.0,4.0,3.0,4.0,3.0,78.0,3.0,21.0,0.0,3.55820113047182,Independent,Clinton,60+
180.0,7.0,6.0,2.0,4.0,6.0,56.0,3.0,21.0,0.0,5.19351225218191,Republican,Clinton,40-59
32.0,0.0,2.0,3.0,4.0,2.0,29.0,6.0,21.0,0.0,3.4688560301359703,Democrat,Clinton,Under 40
0.0,7.0,3.0,2.0,5.0,4.0,52.0,6.0,21.0,0.0,-2.3025850929940455,Republican,Clinton,40-59
51.0,1.0,6.0,4.0,5.0,1.0,31.0,3.0,21.0,0.0,3.933784497209659,Democrat,Clinton,Under 40
40.0,0.0,6.0,3.0,6.0,6.0,34.0,7.0,21.0,1.0,3.6913763343125234,Republican,Dole,Under 40
0.0,2.0,5.0,3.0,6.0,5.0,31.0,7.0,21.0,1.0,-2.3025850929940455,Republican,Dole,Under 40
0.0,7.0,4.0,3.0,5.0,2.0,43.0,6.0,21.0,0.0,-2.3025850929940455,Democrat,Clinton,40-59
0.0,1.0,4.0,4.0,3.0,5.0,31.0,3.0,21.0,1.0,-2.3025850929940455,Republican,Dole,Under 40
1.0,6.0,6.0,1.0,6.0,6.0,63.0,7.0,21.0,1.0,0.09531017980432493,Republican,Dole,60+
7.0,2.0,2.0,3.0,7.0,4.0,38.0,4.0,21.0,0.0,1.9600947840472698,Republican,Clinton,Under 40
0.0,2.0,6.0,2.0,6.0,6.0,31.0,5.0,21.0,1.0,-2.3025850929940455,Republican,Dole,Under 40
71.0,2.0,2.0,1.0,7.0,0.0,64.0,3.0,21.0,0.0,4.264087336809195,Democrat,Clinton,60+
75.0,2.0,3.0,2.0,5.0,5.0,55.0,7.0,21.0,0.0,4.318820558770089,Republican,Clinton,40-59
55.0,1.0,2.0,2.0,6.0,0.0,41.0,3.0,21.0,0.0,4.009149716158869,Democrat,Clinton,40-59
290.0,4.0,3.0,4.0,5.0,5.0,38.0,4.0,21.0,1.0,5.670225691127358,Republican,Dole,Under 40
88.0,4.0,6.0,3.0,6.0,5.0,28.0,6.0,21.0,1.0,4.478472532942134,Republican,Dole,Under 40
0.0,7.0,4.0,3.0,5.0,5.0,42.0,5.0,21.0,1.0,-2.3025850929940455,Republican,Dole,40-59
16.0,7.0,2.0,4.0,3.0,1.0,43.0,4.0,21.0,0.0,2.7788192719904172,Democrat,Clinton,40-59
75.0,1.0,5.0,1.0,6.0,5.0,37.0,4.0,21.0,1.0,4.318820558770089,Republican,Dole,Under 40
220.0,1.0,4.0,2.0,6.0,3.0,47.0,5.0,21.0,0.0,5.394081988532416,Independent,Clinton,40-59
3.0,5.0,5.0,1.0,6.0,5.0,52.0,7.0,21.0,1.0,1.1314021114911006,Republican,Dole,40-59
130.0,0.0,5.0,2.0,6.0,5.0,32.0,4.0,21.0,1.0,4.86830338551846,Republican,Dole,Under 40
0.0,5.0,4.0,4.0,3.0,2.0,29.0,3.0,21.0,0.0,-2.3025850929940455,Democrat,Clinton,Under 40
110.0,2.0,6.0,2.0,5.0,4.0,56.0,3.0,21.0,1.0,4.701389043728634,Republican,Dole,40-59
12.0,7.0,4.0,3.0,5.0,5.0,63.0,7.0,21.0,1.0,2.4932054526026954,Republican,Dole,60+
180.0,3.0,3.0,3.0,6.0,1.0,35.0,5.0,21.0,0.0,5.19351225218191,Democrat,Clinton,Under 40
93.0,7.0,4.0,3.0,5.0,3.0,36.0,4.0,21.0,1.0,4.533674184283021,Independent,Dole,Under 40
170.0,7.0,4.0,2.0,7.0,0.0,75.0,5.0,21.0,0.0,5.136386499401816,Democrat,Clinton,60+
31.0,5.0,3.0,3.0,6.0,1.0,48.0,6.0,21.0,0.0,3.4372078191851885,Democrat,Clinton,40-59
62.0,4.0,7.0,2.0,6.0,6.0,36.0,5.0,21.0,1.0,4.128745988939433,Republican,Dole,Under 40
30.0,4.0,4.0,3.0,6.0,2.0,34.0,6.0,21.0,0.0,3.40452517175483,Democrat,Clinton,Under 40
66.0,7.0,4.0,3.0,7.0,1.0,35.0,5.0,21.0,0.0,4.191168746857641,Democrat,Clinton,Under 40
3.0,3.0,5.0,2.0,5.0,6.0,50.0,4.0,21.0,1.0,1.1314021114911006,Republican,Dole,40-59
18.0,3.0,5.0,2.0,5.0,6.0,39.0,7.0,21.0,1.0,2.89591193827178,Republican,Dole,Under 40
350.0,5.0,5.0,4.0,6.0,5.0,70.0,7.0,21.0,1.0,5.85821882796062,Republican,Dole,60+
71.0,7.0,4.0,2.0,5.0,6.0,76.0,3.0,21.0,1.0,4.264087336809195,Republican,Dole,60+
3500.0,5.0,5.0,2.0,5.0,5.0,35.0,6.0,21.0,1.0,8.16054681849792,Republican,Dole,Under 40
0.0,0.0,3.0,4.0,3.0,3.0,53.0,7.0,21.0,1.0,-2.3025850929940455,Independent,Dole,40-59
360.0,6.0,5.0,2.0,6.0,4.0,46.0,6.0,21.0,1.0,5.88638177065483,Republican,Dole,40-59
81.0,2.0,5.0,2.0,5.0,4.0,34.0,4.0,21.0,1.0,4.395682961121367,Republican,Dole,Under 40
350.0,5.0,4.0,4.0,6.0,5.0,69.0,4.0,21.0,0.0,5.85821882796062,Republican,Clinton,60+
190.0,1.0,5.0,2.0,5.0,1.0,32.0,3.0,21.0,0.0,5.247550249494384,Democrat,Clinton,Under 40
0.0,7.0,5.0,1.0,6.0,6.0,50.0,2.0,21.0,1.0,-2.3025850929940455,Republican,Dole,40-59
290.0,1.0,5.0,3.0,6.0,6.0,35.0,6.0,21.0,1.0,5.670225691127358,Republican,Dole,Under 40
18.0,0.0,6.0,1.0,6.0,6.0,67.0,5.0,21.0,1.0,2.89591193827178,Republican,Dole,60+
11.0,3.0,5.0,5.0,6.0,5.0,47.0,3.0,21.0,0.0,2.4069451083182885,Republican,Clinton,40-59
2.0,2.0,6.0,3.0,5.0,4.0,50.0,6.0,21.0,1.0,0.7419373447293773,Republican,Dole,40-59
570.0,0.0,6.0,2.0,6.0,4.0,32.0,3.0,21.0,1.0,6.3458117840375365,Republican,Dole,Under 40
310.0,3.0,5.0,4.0,6.0,2.0,58.0,5.0,21.0,0.0,5.736894826106403,Democrat,Clinton,40-59
1.0,7.0,3.0,2.0,7.0,0.0,49.0,7.0,21.0,0.0,0.09531017980432493,Democrat,Clinton,40-59
0.0,2.0,6.0,3.0,6.0,1.0,43.0,4.0,21.0,1.0,-2.3025850929940455,Democrat,Dole,40-59
35.0,1.0,5.0,2.0,6.0,5.0,24.0,6.0,21.0,1.0,3.55820113047182,Republican,Dole,Under 40
22.0,7.0,5.0,3.0,4.0,2.0,58.0,7.0,21.0,0.0,3.095577608523707,Democrat,Clinton,40-59
2.0,1.0,2.0,2.0,5.0,0.0,43.0,4.0,21.0,0.0,0.7419373447293773,Democrat,Clinton,40-59
0.0,7.0,4.0,3.0,6.0,5.0,59.0,3.0,21.0,1.0,-2.3025850929940455,Republican,Dole,40-59
0.0,3.0,6.0,1.0,6.0,6.0,40.0,5.0,21.0,1.0,-2.3025850929940455,Republican,Dole,40-59
310.0,0.0,5.0,2.0,7.0,0.0,35.0,4.0,21.0,0.0,5.736894826106403,Democrat,Clinton,Under 40
470.0,5.0,2.0,3.0,5.0,1.0,48.0,4.0,21.0,0.0,6.152945438030085,Democrat,Clinton,40-59
0.0,4.0,6.0,1.0,6.0,6.0,40.0,3.0,21.0,1.0,-2.3025850929940455,Republican,Dole,40-59
270.0,3.0,3.0,2.0,7.0,0.0,48.0,3.0,21.0,0.0,5.59879226079857,Democrat,Clinton,40-59
110.0,0.0,2.0,4.0,6.0,0.0,47.0,7.0,21.0,0.0,4.701389043728634,Democrat,Clinton,40-59
50.0,3.0,6.0,4.0,1.0,1.0,23.0,3.0,21.0,0.0,3.914021008090819,Democrat,Clinton,Under 40
0.0,0.0,6.0,1.0,6.0,6.0,38.0,3.0,21.0,1.0,-2.3025850929940455,Republican,Dole,Under 40
3.0,7.0,6.0,2.0,6.0,6.0,81.0,7.0,21.0,1.0,1.1314021114911006,Republican,Dole,60+
31.0,5.0,3.0,3.0,6.0,1.0,48.0,6.0,21.0,0.0,3.4372078191851885,Democrat,Clinton,40-59
22.0,7.0,5.0,6.0,2.0,4.0,52.0,3.0,21.0,0.0,3.095577608523707,Republican,Clinton,40-59
83.0,2.0,4.0,1.0,6.0,3.0,24.0,6.0,21.0,1.0,4.420044701861403,Independent,Dole,Under 40
9.0,0.0,4.0,2.0,6.0,1.0,21.0,5.0,21.0,0.0,2.2082744135228043,Democrat,Clinton,Under 40
5.0,7.0,5.0,2.0,6.0,5.0,70.0,6.0,21.0,1.0,1.62924053973028,Republican,Dole,60+
0.0,7.0,7.0,1.0,7.0,6.0,24.0,6.0,21.0,1.0,-2.3025850929940455,Republican,Dole,Under 40
0.0,7.0,4.0,3.0,5.0,1.0,57.0,7.0,21.0,0.0,-2.3025850929940455,Democrat,Clinton,40-59
0.0,6.0,3.0,5.0,6.0,4.0,37.0,6.0,21.0,0.0,-2.3025850929940455,Republican,Clinton,Under 40
27.0,1.0,3.0,5.0,3.0,5.0,25.0,5.0,21.0,0.0,3.299533727885655,Republican,Clinton,Under 40
110.0,1.0,6.0,5.0,1.0,1.0,33.0,3.0,21.0,0.0,4.701389043728634,Democrat,Clinton,Under 40
0.0,7.0,4.0,6.0,3.0,0.0,45.0,3.0,22.0,0.0,-2.3025850929940455,Democrat,Clinton,40-59
0.0,3.0,5.0,2.0,7.0,5.0,42.0,6.0,22.0,0.0,-2.3025850929940455,Republican,Clinton,40-59
350.0,3.0,3.0,3.0,6.0,2.0,47.0,6.0,22.0,0.0,5.85821882796062,Democrat,Clinton,40-59
0.0,7.0,6.0,1.0,6.0,6.0,51.0,7.0,22.0,1.0,-2.3025850929940455,Republican,Dole,40-59
5.0,7.0,5.0,4.0,6.0,5.0,85.0,2.0,22.0,0.0,1.62924053973028,Republican,Clinton,60+
15.0,4.0,3.0,3.0,6.0,2.0,32.0,7.0,22.0,0.0,2.714694743820879,Democrat,Clinton,Under 40
35.0,7.0,3.0,3.0,6.0,2.0,31.0,7.0,22.0,0.0,3.55820113047182,Democrat,Clinton,Under 40
0.0,2.0,4.0,3.0,6.0,2.0,23.0,6.0,22.0,0.0,-2.3025850929940455,Democrat,Clinton,Under 40
75.0,3.0,3.0,3.0,6.0,0.0,42.0,6.0,22.0,0.0,4.318820558770089,Democrat,Clinton,40-59
0.0,5.0,6.0,2.0,5.0,5.0,55.0,6.0,22.0,1.0,-2.3025850929940455,Republican,Dole,40-59
16.0,7.0,6.0,2.0,6.0,6.0,45.0,6.0,22.0,1.0,2.7788192719904172,Republican,Dole,40-59
0.0,1.0,6.0,2.0,5.0,6.0,35.0,7.0,22.0,1.0,-2.3025850929940455,Republican,Dole,Under 40
0.0,0.0,2.0,4.0,6.0,0.0,45.0,6.0,22.0,0.0,-2.3025850929940455,Democrat,Clinton,40-59
0.0,0.0,3.0,3.0,5.0,2.0,42.0,3.0,22.0,0.0,-2.3025850929940455,Democrat,Clinton,40-59
4.0,1.0,6.0,2.0,6.0,5.0,37.0,4.0,22.0,1.0,1.410986973710262,Republican,Dole,Under 40
62.0,0.0,4.0,4.0,4.0,5.0,38.0,3.0,22.0,1.0,4.128745988939433,Republican,Dole,Under 40
0.0,3.0,2.0,2.0,6.0,1.0,47.0,7.0,22.0,0.0,-2.3025850929940455,Democrat,Clinton,40-59
4.0,7.0,4.0,2.0,6.0,2.0,32.0,6.0,22.0,0.0,1.410986973710262,Democrat,Clinton,Under 40
56.0,2.0,5.0,2.0,6.0,5.0,35.0,6.0,22.0,1.0,4.027135812528651,Republican,Dole,Under 40
2.0,6.0,4.0,2.0,6.0,5.0,38.0,4.0,22.0,1.0,0.7419373447293773,Republican,Dole,Under 40
0.0,0.0,4.0,4.0,4.0,3.0,40.0,3.0,22.0,0.0,-2.3025850929940455,Independent,Clinton,40-59
75.0,7.0,6.0,2.0,5.0,6.0,62.0,6.0,22.0,1.0,4.318820558770089,Republican,Dole,60+
10.0,2.0,2.0,2.0,6.0,1.0,28.0,7.0,22.0,0.0,2.312535423847214,Democrat,Clinton,Under 40
0.0,6.0,6.0,2.0,5.0,6.0,59.0,5.0,22.0,1.0,-2.3025850929940455,Republican,Dole,40-59
0.0,2.0,1.0,2.0,6.0,0.0,25.0,6.0,22.0,0.0,-2.3025850929940455,Democrat,Clinton,Under 40
220.0,2.0,4.0,2.0,6.0,6.0,31.0,6.0,22.0,1.0,5.394081988532416,Republican,Dole,Under 40
0.0,1.0,7.0,2.0,6.0,6.0,45.0,4.0,22.0,1.0,-2.3025850929940455,Republican,Dole,40-59
75.0,0.0,5.0,2.0,7.0,5.0,42.0,6.0,22.0,0.0,4.318820558770089,Republican,Clinton,40-59
0.0,3.0,2.0,2.0,5.0,1.0,56.0,7.0,22.0,0.0,-2.3025850929940455,Democrat,Clinton,40-59
140.0,5.0,3.0,3.0,6.0,1.0,47.0,7.0,22.0,0.0,4.942356453342962,Democrat,Clinton,40-59
290.0,1.0,6.0,2.0,5.0,5.0,38.0,6.0,22.0,1.0,5.670225691127358,Republican,Dole,Under 40
350.0,7.0,4.0,3.0,7.0,2.0,47.0,6.0,22.0,0.0,5.85821882796062,Democrat,Clinton,40-59
55.0,1.0,5.0,2.0,6.0,6.0,49.0,4.0,22.0,1.0,4.009149716158869,Republican,Dole,40-59
31.0,3.0,3.0,3.0,6.0,2.0,29.0,7.0,22.0,0.0,3.4372078191851885,Democrat,Clinton,Under 40
17.0,7.0,2.0,2.0,6.0,0.0,57.0,6.0,22.0,0.0,2.8390784635086144,Democrat,Clinton,40-59
51.0,4.0,6.0,3.0,5.0,6.0,68.0,3.0,22.0,1.0,3.933784497209659,Republican,Dole,60+
140.0,7.0,2.0,2.0,4.0,0.0,76.0,6.0,22.0,0.0,4.942356453342962,Democrat,Clinton,60+
9.0,4.0,6.0,2.0,6.0,5.0,66.0,6.0,22.0,1.0,2.2082744135228043,Republican,Dole,60+
0.0,7.0,5.0,1.0,6.0,4.0,59.0,4.0,22.0,1.0,-2.3025850929940455,Republican,Dole,40-59
640.0,7.0,5.0,3.0,6.0,4.0,37.0,7.0,22.0,0.0,6.461624414147958,Republican,Clinton,Under 40
32.0,2.0,5.0,2.0,6.0,6.0,38.0,6.0,22.0,1.0,3.4688560301359703,Republican,Dole,Under 40
5.0,7.0,6.0,2.0,6.0,5.0,47.0,7.0,22.0,1.0,1.62924053973028,Republican,Dole,40-59
8.0,1.0,5.0,2.0,4.0,5.0,36.0,7.0,22.0,1.0,2.0918640616783932,Republican,Dole,Under 40
18.0,0.0,5.0,4.0,6.0,0.0,45.0,7.0,22.0,0.0,2.89591193827178,Democrat,Clinton,40-59
0.0,6.0,5.0,2.0,6.0,5.0,39.0,7.0,22.0,1.0,-2.3025850929940455,Republican,Dole,Under 40
0.0,1.0,3.0,2.0,6.0,1.0,34.0,6.0,22.0,0.0,-2.3025850929940455,Democrat,Clinton,Under 40
0.0,3.0,6.0,6.0,4.0,0.0,49.0,4.0,22.0,0.0,-2.3025850929940455,Democrat,Clinton,40-59
31.0,2.0,6.0,2.0,6.0,5.0,36.0,6.0,22.0,1.0,3.4372078191851885,Republican,Dole,Under 40
350.0,7.0,6.0,1.0,6.0,6.0,81.0,5.0,22.0,1.0,5.85821882796062,Republican,Dole,60+
20.0,1.0,5.0,2.0,6.0,4.0,29.0,4.0,22.0,1.0,3.0007198150650303,Republican,Dole,Under 40
70.0,3.0,5.0,3.0,4.0,0.0,45.0,6.0,22.0,0.0,4.249922794040544,Democrat,Clinton,40-59
31.0,3.0,5.0,2.0,6.0,5.0,21.0,4.0,22.0,1.0,3.4372078191851885,Republican,Dole,Under 40
3.0,7.0,2.0,4.0,3.0,6.0,33.0,6.0,22.0,1.0,1.1314021114911006,Republican,Dole,Under 40
9.0,7.0,4.0,4.0,2.0,2.0,44.0,3.0,23.0,0.0,2.2082744135228043,Democrat,Clinton,40-59
59.0,1.0,2.0,2.0,6.0,4.0,52.0,7.0,23.0,0.0,4.079230924412053,Republican,Clinton,40-59
27.0,2.0,3.0,5.0,7.0,1.0,38.0,4.0,23.0,0.0,3.299533727885655,Democrat,Clinton,Under 40
51.0,4.0,2.0,3.0,6.0,2.0,44.0,5.0,23.0,0.0,3.933784497209659,Democrat,Clinton,40-59
9.0,7.0,6.0,2.0,6.0,6.0,87.0,7.0,23.0,1.0,2.2082744135228043,Republican,Dole,60+
0.0,2.0,7.0,2.0,6.0,5.0,22.0,3.0,23.0,1.0,-2.3025850929940455,Republican,Dole,Under 40
88.0,0.0,3.0,3.0,5.0,2.0,32.0,6.0,23.0,1.0,4.478472532942134,Democrat,Dole,Under 40
67.0,0.0,4.0,5.0,6.0,4.0,69.0,3.0,23.0,0.0,4.206184043977636,Republican,Clinton,60+
29.0,2.0,6.0,2.0,5.0,6.0,49.0,6.0,23.0,1.0,3.370738174177447,Republican,Dole,40-59
5.0,0.0,6.0,2.0,6.0,6.0,53.0,3.0,23.0,1.0,1.62924053973028,Republican,Dole,40-59
0.0,0.0,6.0,1.0,6.0,5.0,44.0,6.0,23.0,1.0,-2.3025850929940455,Republican,Dole,40-59
900.0,1.0,6.0,2.0,7.0,5.0,34.0,6.0,23.0,1.0,6.802505868263039,Republican,Dole,Under 40
18.0,1.0,6.0,1.0,5.0,5.0,55.0,7.0,23.0,1.0,2.89591193827178,Republican,Dole,40-59
190.0,2.0,3.0,3.0,6.0,0.0,35.0,6.0,23.0,0.0,5.247550249494384,Democrat,Clinton,Under 40
2.0,7.0,4.0,5.0,5.0,3.0,55.0,3.0,23.0,0.0,0.7419373447293773,Independent,Clinton,40-59
5.0,3.0,6.0,3.0,5.0,5.0,27.0,6.0,23.0,1.0,1.62924053973028,Republican,Dole,Under 40
56.0,3.0,4.0,4.0,5.0,1.0,26.0,6.0,23.0,0.0,4.027135812528651,Democrat,Clinton,Under 40
75.0,7.0,4.0,2.0,6.0,5.0,54.0,6.0,23.0,0.0,4.318820558770089,Republican,Clinton,40-59
56.0,0.0,5.0,2.0,6.0,5.0,42.0,4.0,23.0,1.0,4.027135812528651,Republican,Dole,40-59
0.0,5.0,6.0,1.0,6.0,6.0,57.0,7.0,23.0,1.0,-2.3025850929940455,Republican,Dole,40-59
0.0,0.0,7.0,1.0,4.0,6.0,54.0,6.0,23.0,1.0,-2.3025850929940455,Republican,Dole,40-59
75.0,6.0,6.0,3.0,6.0,6.0,55.0,6.0,23.0,1.0,4.318820558770089,Republican,Dole,40-59
1600.0,7.0,5.0,3.0,6.0,6.0,50.0,7.0,23.0,1.0,7.377821406274829,Republican,Dole,40-59
15.0,0.0,5.0,5.0,6.0,1.0,57.0,7.0,23.0,0.0,2.714694743820879,Democrat,Clinton,40-59
19.0,3.0,5.0,3.0,7.0,3.0,46.0,4.0,23.0,0.0,2.9496883350525844,Independent,Clinton,40-59
16.0,7.0,6.0,2.0,6.0,6.0,53.0,6.0,23.0,1.0,2.7788192719904172,Republican,Dole,40-59
42.0,2.0,3.0,3.0,5.0,0.0,32.0,7.0,23.0,0.0,3.7400477406883357,Democrat,Clinton,Under 40
18.0,5.0,5.0,2.0,5.0,3.0,53.0,5.0,23.0,1.0,2.89591193827178,Independent,Dole,40-59
0.0,3.0,3.0,3.0,6.0,1.0,39.0,6.0,23.0,0.0,-2.3025850929940455,Democrat,Clinton,Under 40
310.0,1.0,5.0,2.0,5.0,4.0,47.0,6.0,23.0,1.0,5.736894826106403,Republican,Dole,40-59
1600.0,7.0,5.0,2.0,4.0,2.0,57.0,4.0,23.0,0.0,7.377821406274829,Democrat,Clinton,40-59
23.0,5.0,6.0,3.0,6.0,6.0,49.0,6.0,23.0,1.0,3.139832617527748,Republican,Dole,40-59
20.0,1.0,5.0,4.0,6.0,5.0,31.0,5.0,23.0,0.0,3.0007198150650303,Republican,Clinton,Under 40
51.0,5.0,5.0,3.0,5.0,5.0,43.0,6.0,23.0,1.0,3.933784497209659,Republican,Dole,40-59
0.0,2.0,5.0,2.0,5.0,4.0,44.0,6.0,23.0,1.0,-2.3025850929940455,Republican,Dole,40-59
0.0,4.0,4.0,3.0,6.0,0.0,39.0,6.0,23.0,0.0,-2.3025850929940455,Democrat,Clinton,Under 40
0.0,2.0,6.0,1.0,6.0,5.0,49.0,4.0,23.0,1.0,-2.3025850929940455,Republican,Dole,40-59
18.0,7.0,5.0,4.0,6.0,4.0,72.0,6.0,23.0,1.0,2.89591193827178,Republican,Dole,60+
7300.0,7.0,5.0,2.0,6.0,5.0,50.0,6.0,23.0,1.0,8.895643325672793,Republican,Dole,40-59
110.0,1.0,5.0,2.0,6.0,6.0,28.0,4.0,23.0,1.0,4.701389043728634,Republican,Dole,Under 40
0.0,0.0,5.0,2.0,7.0,3.0,48.0,7.0,23.0,1.0,-2.3025850929940455,Independent,Dole,40-59
3500.0,1.0,3.0,4.0,7.0,1.0,32.0,6.0,23.0,0.0,8.16054681849792,Democrat,Clinton,Under 40
720.0,7.0,5.0,5.0,5.0,1.0,63.0,4.0,23.0,0.0,6.5793900912548215,Democrat,Clinton,60+
9.0,4.0,4.0,5.0,6.0,5.0,36.0,4.0,23.0,1.0,2.2082744135228043,Republican,Dole,Under 40
47.0,7.0,6.0,3.0,6.0,6.0,36.0,6.0,23.0,1.0,3.8522730010223722,Republican,Dole,Under 40
350.0,7.0,3.0,2.0,7.0,2.0,53.0,3.0,23.0,0.0,5.85821882796062,Democrat,Clinton,40-59
0.0,5.0,2.0,2.0,6.0,2.0,44.0,7.0,23.0,0.0,-2.3025850929940455,Democrat,Clinton,40-59
0.0,0.0,4.0,2.0,6.0,6.0,41.0,7.0,24.0,1.0,-2.3025850929940455,Republican,Dole,40-59
83.0,0.0,2.0,3.0,6.0,1.0,56.0,7.0,24.0,0.0,4.420044701861403,Democrat,Clinton,40-59
1.0,4.0,4.0,4.0,6.0,2.0,63.0,7.0,24.0,0.0,0.09531017980432493,Democrat,Clinton,60+
190.0,7.0,2.0,4.0,6.0,0.0,52.0,6.0,24.0,0.0,5.247550249494384,Democrat,Clinton,40-59
0.0,7.0,3.0,3.0,7.0,2.0,43.0,7.0,24.0,0.0,-2.3025850929940455,Democrat,Clinton,40-59
12.0,7.0,4.0,3.0,6.0,2.0,40.0,3.0,24.0,0.0,2.4932054526026954,Democrat,Clinton,40-59
9.0,5.0,5.0,1.0,7.0,4.0,69.0,4.0,24.0,1.0,2.2082744135228043,Republican,Dole,60+
23.0,7.0,2.0,2.0,6.0,0.0,49.0,7.0,24.0,0.0,3.139832617527748,Democrat,Clinton,40-59
9.0,1.0,3.0,3.0,6.0,2.0,65.0,7.0,24.0,0.0,2.2082744135228043,Democrat,Clinton,60+
18.0,5.0,6.0,1.0,6.0,5.0,53.0,7.0,24.0,1.0,2.89591193827178,Republican,Dole,40-59
0.0,5.0,5.0,3.0,5.0,6.0,50.0,4.0,24.0,1.0,-2.3025850929940455,Republican,Dole,40-59
12.0,3.0,2.0,4.0,6.0,0.0,27.0,5.0,24.0,0.0,2.4932054526026954,Democrat,Clinton,Under 40
0.0,6.0,5.0,3.0,5.0,5.0,44.0,6.0,24.0,1.0,-2.3025850929940455,Republican,Dole,40-59
170.0,2.0,2.0,3.0,5.0,0.0,54.0,7.0,24.0,0.0,5.136386499401816,Democrat,Clinton,40-59
0.0,7.0,4.0,2.0,6.0,4.0,33.0,5.0,24.0,1.0,-2.3025850929940455,Republican,Dole,Under 40
9.0,0.0,4.0,4.0,6.0,3.0,48.0,7.0,24.0,0.0,2.2082744135228043,Independent,Clinton,40-59
23.0,3.0,5.0,2.0,6.0,5.0,54.0,5.0,24.0,1.0,3.139832617527748,Republican,Dole,40-59
0.0,0.0,6.0,2.0,5.0,6.0,56.0,3.0,24.0,1.0,-2.3025850929940455,Republican,Dole,40-59
9.0,1.0,2.0,4.0,7.0,2.0,34.0,7.0,24.0,0.0,2.2082744135228043,Democrat,Clinton,Under 40
290.0,7.0,6.0,4.0,7.0,6.0,41.0,6.0,24.0,0.0,5.670225691127358,Republican,Clinton,40-59
1.0,0.0,5.0,1.0,5.0,6.0,40.0,6.0,24.0,1.0,0.09531017980432493,Republican,Dole,40-59
350.0,1.0,7.0,2.0,6.0,6.0,55.0,6.0,24.0,1.0,5.85821882796062,Republican,Dole,40-59
20.0,0.0,4.0,3.0,5.0,5.0,38.0,6.0,24.0,1.0,3.0007198150650303,Republican,Dole,Under 40
0.0,3.0,6.0,2.0,6.0,6.0,40.0,6.0,24.0,1.0,-2.3025850929940455,Republican,Dole,40-59
23.0,1.0,6.0,1.0,6.0,6.0,46.0,4.0,24.0,1.0,3.139832617527748,Republican,Dole,40-59
150.0,4.0,3.0,3.0,4.0,0.0,26.0,6.0,24.0,0.0,5.011301738639416,Democrat,Clinton,Under 40
31.0,0.0,5.0,2.0,7.0,3.0,49.0,6.0,24.0,0.0,3.4372078191851885,Independent,Clinton,40-59
0.0,7.0,4.0,1.0,5.0,6.0,51.0,5.0,24.0,1.0,-2.3025850929940455,Republican,Dole,40-59
9.0,2.0,5.0,2.0,6.0,4.0,46.0,6.0,24.0,0.0,2.2082744135228043,Republican,Clinton,40-59
47.0,0.0,3.0,4.0,6.0,2.0,40.0,7.0,24.0,0.0,3.8522730010223722,Democrat,Clinton,40-59
900.0,0.0,3.0,4.0,7.0,2.0,30.0,5.0,24.0,0.0,6.802505868263039,Democrat,Clinton,Under 40
83.0,3.0,2.0,3.0,6.0,2.0,45.0,5.0,24.0,0.0,4.420044701861403,Democrat,Clinton,40-59
18.0,7.0,5.0,4.0,6.0,4.0,52.0,7.0,24.0,1.0,2.89591193827178,Republican,Dole,40-59
0.0,0.0,6.0,1.0,5.0,6.0,36.0,6.0,24.0,1.0,-2.3025850929940455,Republican,Dole,Under 40
20.0,0.0,4.0,3.0,5.0,3.0,49.0,6.0,24.0,0.0,3.0007198150650303,Independent,Clinton,40-59
24.0,7.0,3.0,4.0,5.0,1.0,38.0,7.0,24.0,0.0,3.1822118404966093,Democrat,Clinton,Under 40
18.0,0.0,2.0,4.0,6.0,1.0,51.0,7.0,24.0,0.0,2.89591193827178,Democrat,Clinton,40-59
9.0,3.0,3.0,2.0,5.0,1.0,47.0,6.0,24.0,0.0,2.2082744135228043,Democrat,Clinton,40-59
0.0,1.0,6.0,1.0,5.0,6.0,52.0,7.0,24.0,1.0,-2.3025850929940455,Republican,Dole,40-59
9.0,0.0,6.0,2.0,6.0,6.0,33.0,6.0,24.0,1.0,2.2082744135228043,Republican,Dole,Under 40
0.0,4.0,4.0,2.0,6.0,6.0,50.0,4.0,24.0,1.0,-2.3025850929940455,Republican,Dole,40-59
18.0,7.0,6.0,2.0,5.0,4.0,48.0,7.0,24.0,1.0,2.89591193827178,Republican,Dole,40-59
19.0,3.0,2.0,2.0,6.0,0.0,36.0,6.0,24.0,0.0,2.9496883350525844,Democrat,Clinton,Under 40
31.0,3.0,2.0,3.0,6.0,1.0,35.0,7.0,24.0,0.0,3.4372078191851885,Democrat,Clinton,Under 40
3500.0,7.0,7.0,3.0,5.0,4.0,34.0,7.0,24.0,0.0,8.16054681849792,Republican,Clinton,Under 40
0.0,7.0,2.0,4.0,5.0,2.0,53.0,6.0,24.0,0.0,-2.3025850929940455,Democrat,Clinton,40-59
33.0,0.0,4.0,3.0,6.0,2.0,33.0,7.0,24.0,0.0,3.4995332823830174,Democrat,Clinton,Under 40
0.0,1.0,6.0,3.0,6.0,6.0,52.0,6.0,24.0,1.0,-2.3025850929940455,Republican,Dole,40-59
18.0,3.0,4.0,3.0,6.0,4.0,44.0,7.0,24.0,0.0,2.89591193827178,Republican,Clinton,40-59
0.0,0.0,3.0,4.0,4.0,0.0,48.0,6.0,24.0,0.0,-2.3025850929940455,Democrat,Clinton,40-59
31.0,3.0,5.0,2.0,6.0,5.0,20.0,4.0,24.0,1.0,3.4372078191851885,Republican,Dole,Under 40
0.0,5.0,3.0,2.0,4.0,6.0,45.0,6.0,24.0,1.0,-2.3025850929940455,Republican,Dole,40-59
59.0,7.0,4.0,2.0,6.0,2.0,70.0,3.0,24.0,0.0,4.079230924412053,Democrat,Clinton,60+
0.0,0.0,3.0,3.0,4.0,2.0,39.0,3.0,24.0,0.0,-2.3025850929940455,Democrat,Clinton,Under 40
7300.0,7.0,3.0,3.0,5.0,1.0,40.0,7.0,24.0,1.0,8.895643325672793,Democrat,Dole,40-59
75.0,4.0,5.0,2.0,7.0,5.0,62.0,6.0,24.0,1.0,4.318820558770089,Republican,Dole,60+
0.0,7.0,5.0,2.0,6.0,4.0,46.0,6.0,24.0,1.0,-2.3025850929940455,Republican,Dole,40-59
27.0,7.0,4.0,4.0,7.0,2.0,46.0,3.0,24.0,0.0,3.299533727885655,Democrat,Clinton,40-59
1600.0,7.0,4.0,2.0,5.0,6.0,56.0,7.0,24.0,1.0,7.377821406274829,Republican,Dole,40-59
0.0,7.0,6.0,3.0,6.0,6.0,55.0,7.0,24.0,1.0,-2.3025850929940455,Republican,Dole,40-59
0.0,7.0,6.0,2.0,6.0,6.0,41.0,4.0,24.0,1.0,-2.3025850929940455,Republican,Dole,40-59
7300.0,1.0,2.0,3.0,6.0,0.0,43.0,7.0,24.0,0.0,8.895643325672793,Democrat,Clinton,40-59
16.0,7.0,7.0,1.0,7.0,6.0,34.0,3.0,24.0,1.0,2.7788192719904172,Republican,Dole,Under 40
0.0,7.0,7.0,1.0,6.0,4.0,73.0,6.0,24.0,1.0,-2.3025850929940455,Republican,Dole,60+
0.0,7.0,5.0,2.0,6.0,6.0,50.0,6.0,24.0,1.0,-2.3025850929940455,Republican,Dole,40-59
0.0,3.0,6.0,2.0,7.0,5.0,43.0,6.0,24.0,1.0,-2.3025850929940455,Republican,Dole,40-59
0.0,6.0,6.0,2.0,5.0,6.0,46.0,7.0,24.0,1.0,-2.3025850929940455,Republican,Dole,40-59
18.0,7.0,4.0,2.0,6.0,3.0,61.0,7.0,24.0,1.0,2.89591193827178,Independent,Dole,60+
