survival_days,event_observed,age_years,age_group
15.0,1,54.3,48 or older
3.0,1,40.4,Under 48
624.0,1,51.0,48 or older
46.0,1,42.5,Under 48
127.0,1,48.0,48 or older
64.0,1,54.6,48 or older
1350.0,1,54.1,48 or older
280.0,1,49.5,48 or older
23.0,1,56.9,48 or older
10.0,1,55.3,48 or older
1024.0,1,43.4,Under 48
39.0,1,42.8,Under 48
730.0,1,58.4,48 or older
136.0,1,52.0,48 or older
1775.0,0,33.3,Under 48
1.0,1,54.2,48 or older
836.0,1,45.0,Under 48
60.0,1,64.5,48 or older
1536.0,0,49.0,48 or older
1549.0,0,40.6,Under 48
54.0,1,49.0,48 or older
47.0,1,61.5,48 or older
1.0,1,41.5,Under 48
51.0,1,50.5,48 or older
1367.0,0,48.6,48 or older
1264.0,0,45.5,Under 48
44.0,1,36.2,Under 48
994.0,1,48.6,48 or older
51.0,1,47.2,Under 48
1106.0,0,36.8,Under 48
897.0,1,46.1,Under 48
253.0,1,48.8,48 or older
147.0,1,47.5,Under 48
51.0,1,52.5,48 or older
875.0,0,38.9,Under 48
322.0,1,48.1,48 or older
838.0,0,41.6,Under 48
65.0,1,49.1,48 or older
815.0,0,32.7,Under 48
551.0,1,48.9,48 or older
66.0,1,51.3,48 or older
228.0,1,19.7,Under 48
65.0,1,45.2,Under 48
660.0,0,48.0,48 or older
25.0,1,53.0,48 or older
589.0,0,47.5,Under 48
592.0,0,26.7,Under 48
63.0,1,56.4,48 or older
12.0,1,29.2,Under 48
499.0,0,52.2,48 or older
305.0,0,49.3,48 or older
29.0,1,54.0,48 or older
456.0,0,46.5,Under 48
439.0,0,52.9,48 or older
48.0,1,53.4,48 or older
297.0,1,42.8,Under 48
389.0,0,48.9,48 or older
50.0,1,46.4,Under 48
339.0,0,54.4,48 or older
68.0,1,51.4,48 or older
26.0,1,52.5,48 or older
30.0,0,45.8,Under 48
237.0,0,47.8,Under 48
161.0,1,43.8,Under 48
14.0,1,40.3,Under 48
167.0,0,26.7,Under 48
110.0,0,23.7,Under 48
13.0,0,28.9,Under 48
1.0,0,35.2,Under 48
