physician_visits,log_coinsurance_plus_1,individual_deductible_plan,log_participation_incentive,family_max_deductible_log,physical_limitation,chronic_disease_index,health_good,health_fair,health_poor,plan_group,any_physician_visit
0,4.61512,1,6.308098,0.0,0.0,21.7,0,0,0,Individual deductible,0
0,0.0,1,0.0,5.061929,0.0,3.4,0,0,0,Individual deductible,0
0,0.0,1,6.109248,6.160541,0.0,13.8,0,0,0,Individual deductible,0
0,4.61512,1,6.907755,0.0,0.0,13.73189,1,0,0,Individual deductible,0
0,4.61512,1,6.907755,0.0,0.0,8.7,0,0,0,Individual deductible,0
0,0.0,1,0.0,6.160541,0.0,10.57626,1,0,0,Individual deductible,0
0,0.0,1,6.109248,6.160541,0.0,9.967326,0,0,0,Individual deductible,0
0,0.0,1,5.703783,5.755076,0.0,13.8,0,0,0,Individual deductible,0
0,0.0,1,5.010635,6.160541,0.1442925,10.57626,1,0,0,Individual deductible,0
0,0.0,1,0.0,0.0,0.0,13.73189,0,0,0,Individual deductible,0
0,0.0,1,6.109248,6.160541,0.0,0.0,0,0,0,Individual deductible,0
0,0.0,1,6.109248,6.160541,0.0,0.0,0,0,0,Individual deductible,0
0,0.0,1,6.109248,6.160541,0.0,10.3,0,0,0,Individual deductible,0
0,0.0,1,5.703783,5.755076,0.0,0.0,0,0,0,Individual deductible,0
0,0.0,1,5.010635,6.160541,0.0,10.57626,1,0,0,Individual deductible,0
0,0.0,1,5.010635,5.061929,0.0,3.4,0,0,0,Individual deductible,0
0,0.0,1,0.0,6.160541,0.0,0.0,0,1,0,Individual deductible,0
0,0.0,1,5.56268,5.061929,0.0,24.1,0,0,1,Individual deductible,0
0,0.0,1,6.109248,6.160541,0.0,27.6,1,0,0,Individual deductible,0
0,0.0,1,6.489873,6.160541,0.0,11.84267,0,0,0,Individual deductible,0
0,4.61512,1,0.0,0.0,0.0,0.0,1,0,0,Individual deductible,0
0,0.0,1,0.0,6.160541,0.0,10.57626,1,0,0,Individual deductible,0
0,4.61512,1,6.005269,0.0,0.0,13.73189,0,0,0,Individual deductible,0
0,0.0,1,0.0,6.160541,0.0,10.57626,0,0,0,Individual deductible,0
0,4.61512,1,6.907755,0.0,0.0,17.4,1,0,0,Individual deductible,0
0,0.0,1,0.0,6.160541,0.0,0.0,0,0,0,Individual deductible,0
0,0.0,1,6.200184,6.160541,0.0,17.2,0,0,0,Individual deductible,0
0,0.0,1,5.703783,5.755076,0.0,10.3,1,0,0,Individual deductible,0
0,0.0,1,6.109248,6.160541,0.0,3.4,1,0,0,Individual deductible,0
0,4.61512,1,0.0,0.0,0.0,21.7,1,0,0,Individual deductible,0
0,0.0,1,6.109248,6.160541,0.0,10.57626,0,0,0,Individual deductible,0
0,4.61512,1,0.0,0.0,0.0,34.8,0,1,0,Individual deductible,0
0,0.0,1,6.109248,6.160541,1.0,6.9,1,0,0,Individual deductible,0
0,0.0,1,6.109248,6.160541,0.0,0.0,1,0,0,Individual deductible,0
0,0.0,1,6.109248,6.160541,0.0,9.967326,0,0,0,Individual deductible,0
0,0.0,1,6.109248,6.160541,0.0,10.57626,0,0,0,Individual deductible,0
0,0.0,1,6.109248,6.160541,0.0,13.8,1,0,0,Individual deductible,0
0,0.0,1,6.109248,6.160541,0.0,3.4,0,0,0,Individual deductible,0
0,0.0,1,6.109248,6.160541,0.0,10.57626,0,0,0,Individual deductible,0
0,0.0,1,6.109248,6.160541,0.0,27.6,0,0,0,Individual deductible,0
0,0.0,1,6.109248,6.160541,0.0,6.9,1,0,0,Individual deductible,0
0,0.0,1,6.109248,6.160541,0.0,10.57626,0,0,0,Individual deductible,0
0,4.61512,1,6.436151,0.0,0.0,13.73189,0,0,0,Individual deductible,0
0,0.0,1,6.109248,6.160541,0.0,10.57626,1,0,0,Individual deductible,0
0,4.61512,1,6.907755,0.0,0.0,13.73189,0,0,0,Individual deductible,0
0,0.0,1,6.109248,6.160541,0.1442925,10.57626,0,0,0,Individual deductible,0
0,0.0,1,6.052089,6.160541,0.0,9.967326,0,0,0,Individual deductible,0
0,4.61512,1,6.799056,0.0,1.0,30.4,0,1,0,Individual deductible,0
0,0.0,1,0.0,6.160541,0.0,6.9,1,0,0,Individual deductible,0
0,0.0,1,5.703783,5.755076,0.0,11.84267,0,0,0,Individual deductible,0
0,0.0,1,6.109248,6.160541,0.0,10.3,1,0,0,Individual deductible,0
0,0.0,1,6.200184,6.160541,0.0,9.967326,0,0,0,Individual deductible,0
0,0.0,1,5.010635,5.061929,0.0,27.6,1,0,0,Individual deductible,0
0,0.0,1,6.109248,6.160541,0.0,0.0,0,0,0,Individual deductible,0
0,4.61512,1,6.907755,0.0,0.0,13.73189,1,0,0,Individual deductible,0
0,0.0,1,5.703783,0.0,1.0,17.4,1,0,0,Individual deductible,0
0,0.0,1,6.109248,6.160541,0.0,0.0,1,0,0,Individual deductible,0
0,0.0,1,5.703783,5.755076,0.0,10.3,0,0,0,Individual deductible,0
0,0.0,1,0.0,6.160541,0.0,6.9,0,0,0,Individual deductible,0
0,0.0,1,6.109248,6.160541,1.0,9.967326,0,1,0,Individual deductible,0
0,0.0,1,6.109248,6.160541,0.1442925,10.57626,0,0,0,Individual deductible,0
0,4.61512,1,6.907755,0.0,0.0,13.73189,0,0,0,Individual deductible,0
0,4.61512,1,5.883322,0.0,0.0,0.0,1,0,0,Individual deductible,0
0,4.61512,1,6.436151,0.0,0.0,13.73189,0,0,0,Individual deductible,0
0,0.0,1,6.131227,0.0,0.0,17.4,1,0,0,Individual deductible,0
0,0.0,1,0.0,6.160541,0.0,10.57626,0,0,0,Individual deductible,0
0,4.61512,1,6.907755,0.0,0.0,17.4,0,1,0,Individual deductible,0
0,0.0,1,0.0,5.755076,0.0,10.57626,1,0,0,Individual deductible,0
0,0.0,1,0.0,6.160541,0.0,11.84267,0,0,0,Individual deductible,0
0,0.0,1,6.109248,6.160541,0.1572505,9.967326,0,0,0,Individual deductible,0
0,0.0,1,5.703783,5.755076,0.0,13.8,0,0,0,Individual deductible,0
0,0.0,1,6.109248,6.160541,0.0,9.967326,0,0,0,Individual deductible,0
0,0.0,1,6.109248,6.160541,1.0,10.57626,0,0,0,Individual deductible,0
0,0.0,1,6.109248,6.160541,0.0,27.6,1,0,0,Individual deductible,0
0,0.0,1,6.200184,6.160541,0.0,9.967326,0,0,0,Individual deductible,0
0,0.0,1,6.109248,6.160541,0.0,13.8,1,0,0,Individual deductible,0
0,0.0,1,6.109248,6.160541,0.0,3.4,0,0,0,Individual deductible,0
0,4.61512,1,0.0,0.0,0.0,13.73189,0,0,0,Individual deductible,0
0,0.0,1,6.109248,6.160541,0.0,10.57626,0,0,0,Individual deductible,0
0,0.0,1,0.0,0.0,1.0,13.73189,0,0,1,Individual deductible,0
0,0.0,1,6.109248,6.160541,0.1442925,10.57626,1,0,0,Individual deductible,0
0,0.0,1,6.109248,6.160541,0.0,0.0,0,0,0,Individual deductible,0
0,0.0,1,6.079933,6.160541,0.0,6.9,0,0,0,Individual deductible,0
0,0.0,1,6.109248,6.160541,0.0,3.4,0,1,0,Individual deductible,0
0,4.61512,1,5.645447,0.0,0.0,13.73189,1,0,0,Individual deductible,0
0,0.0,1,6.109248,6.160541,0.0,13.8,1,0,0,Individual deductible,0
0,0.0,1,6.109248,6.160541,0.0,11.84267,1,0,0,Individual deductible,0
0,0.0,1,6.109248,6.160541,0.0,10.3,0,0,0,Individual deductible,0
0,0.0,1,5.703783,0.0,0.0,8.7,1,0,0,Individual deductible,0
0,4.61512,1,5.135798,0.0,0.0,17.4,0,1,0,Individual deductible,0
0,0.0,1,5.703783,5.755076,0.0,6.9,0,0,0,Individual deductible,0
0,0.0,1,6.109248,6.160541,0.0,17.2,0,0,0,Individual deductible,0
0,0.0,1,6.109248,6.160541,0.0,9.967326,0,0,0,Individual deductible,0
0,0.0,1,6.109248,6.160541,0.0,13.8,1,0,0,Individual deductible,0
0,0.0,1,5.010635,5.061929,0.0,6.9,0,0,0,Individual deductible,0
0,0.0,1,6.109248,6.160541,0.0,3.4,1,0,0,Individual deductible,0
0,0.0,1,0.0,6.160541,0.1442925,10.57626,1,0,0,Individual deductible,0
0,0.0,1,6.109248,6.160541,0.0,0.0,0,0,0,Individual deductible,0
0,0.0,1,6.767757,6.160541,0.0,0.0,0,0,0,Individual deductible,0
0,0.0,1,5.163185,6.160541,0.0,13.8,1,0,0,Individual deductible,0
0,0.0,1,6.109248,6.160541,0.0,10.57626,0,0,0,Individual deductible,0
0,0.0,1,3.789177,5.061929,0.0,17.2,0,0,0,Individual deductible,0
0,0.0,1,6.109248,6.160541,0.0,0.0,0,0,0,Individual deductible,0
0,0.0,1,6.109248,6.160541,1.0,17.2,1,0,0,Individual deductible,0
0,0.0,1,5.857819,5.755076,0.0,0.0,0,0,0,Individual deductible,0
0,0.0,1,6.109248,6.160541,0.0,3.4,1,0,0,Individual deductible,0
0,0.0,1,6.109248,6.160541,0.0,10.57626,0,0,0,Individual deductible,0
0,0.0,1,6.109248,6.160541,0.0,10.57626,0,0,0,Individual deductible,0
0,0.0,1,6.109248,6.160541,0.0,11.84267,1,0,0,Individual deductible,0
0,0.0,1,0.0,6.160541,0.0,10.57626,1,0,0,Individual deductible,0
0,0.0,1,6.109248,6.160541,0.0,6.9,1,0,0,Individual deductible,0
0,0.0,1,6.109248,6.160541,0.0,27.6,1,0,0,Individual deductible,0
0,0.0,1,6.119022,5.755076,0.0,3.4,0,0,0,Individual deductible,0
0,0.0,1,6.109248,6.160541,0.0,11.84267,1,0,0,Individual deductible,0
0,4.61512,1,6.476973,0.0,0.0,8.7,0,0,0,Individual deductible,0
0,4.61512,1,6.395262,0.0,0.0,13.73189,1,0,0,Individual deductible,0
0,4.61512,1,0.0,0.0,0.0,13.73189,1,0,0,Individual deductible,0
0,0.0,1,6.109248,6.160541,0.0,6.9,0,0,0,Individual deductible,0
0,4.61512,1,6.75227,0.0,0.0,13.73189,0,0,0,Individual deductible,0
0,0.0,1,6.109248,6.160541,0.0,10.57626,0,0,1,Individual deductible,0
0,0.0,1,6.109248,6.160541,0.1442925,10.57626,0,0,0,Individual deductible,0
0,0.0,1,6.109248,6.160541,0.0,10.3,0,0,0,Individual deductible,0
0,0.0,1,6.109248,6.160541,0.0,10.57626,1,0,0,Individual deductible,0
0,0.0,1,0.0,6.160541,0.0,10.57626,1,0,0,Individual deductible,0
0,0.0,1,5.010635,6.160541,0.0,10.57626,0,1,0,Individual deductible,0
0,0.0,1,0.0,6.160541,0.0,11.84267,1,0,0,Individual deductible,0
0,0.0,1,3.648839,5.061929,0.0,0.0,1,0,0,Individual deductible,0
0,0.0,1,6.109248,6.160541,0.0,27.6,1,0,0,Individual deductible,0
0,4.61512,1,6.907755,0.0,0.0,0.0,0,0,0,Individual deductible,0
0,0.0,1,6.109248,6.160541,0.1572505,9.967326,0,0,0,Individual deductible,0
0,0.0,1,6.109248,6.160541,0.0,13.8,0,0,0,Individual deductible,0
0,0.0,1,6.109248,6.160541,0.0,6.9,1,0,0,Individual deductible,0
0,0.0,1,6.109248,6.160541,0.0,10.57626,0,0,0,Individual deductible,0
0,0.0,1,0.0,0.0,1.0,13.73189,0,0,0,Individual deductible,0
0,0.0,1,6.109248,6.160541,0.0,9.967326,1,0,0,Individual deductible,0
0,0.0,1,5.010635,5.061929,0.0,3.4,0,0,0,Individual deductible,0
0,0.0,1,6.109248,6.160541,1.0,17.2,1,0,0,Individual deductible,0
0,0.0,1,5.089077,5.061929,0.0,6.9,0,0,0,Individual deductible,0
0,4.61512,1,5.645447,0.0,0.0,13.73189,0,0,0,Individual deductible,0
0,0.0,1,5.703783,6.160541,1.0,20.7,1,0,0,Individual deductible,0
0,0.0,1,5.010635,5.061929,0.0,0.0,1,0,0,Individual deductible,0
0,0.0,1,0.0,5.061929,0.0,6.9,1,0,0,Individual deductible,0
1,0.0,1,6.052089,6.160541,0.0,9.967326,0,0,0,Individual deductible,1
1,0.0,1,4.787492,0.0,0.0,21.7,0,0,0,Individual deductible,1
1,0.0,1,5.010635,5.061929,0.0,31.0,1,0,0,Individual deductible,1
1,4.61512,1,6.39693,0.0,0.0,4.3,0,0,0,Individual deductible,1
1,0.0,1,5.703783,0.0,0.0,13.73189,0,0,0,Individual deductible,1
1,4.61512,1,6.907755,0.0,0.0,13.73189,1,0,0,Individual deductible,1
1,4.61512,1,6.907755,0.0,0.0,13.73189,0,0,0,Individual deductible,1
1,0.0,1,6.109248,6.160541,0.0,9.967326,1,0,0,Individual deductible,1
1,0.0,1,0.0,5.755076,1.0,13.8,0,1,0,Individual deductible,1
1,0.0,1,5.617753,6.160541,1.0,10.3,0,0,0,Individual deductible,1
1,4.61512,1,6.802395,0.0,0.0,8.7,0,0,0,Individual deductible,1
1,0.0,1,0.0,6.160541,0.0,13.8,1,0,0,Individual deductible,1
1,0.0,1,0.0,6.160541,0.0,10.3,1,0,0,Individual deductible,1
1,0.0,1,5.881984,5.755076,0.0,9.967326,1,0,0,Individual deductible,1
1,4.61512,1,6.618739,0.0,0.0,13.73189,1,0,0,Individual deductible,1
1,0.0,1,5.735281,5.755076,0.0,27.6,1,0,0,Individual deductible,1
1,0.0,1,0.0,6.160541,0.0,10.57626,1,0,0,Individual deductible,1
1,0.0,1,6.109248,6.160541,0.0,6.9,0,0,0,Individual deductible,1
1,0.0,1,0.0,5.061929,0.0,10.3,1,0,0,Individual deductible,1
1,0.0,1,6.109248,6.160541,0.0,0.0,1,0,0,Individual deductible,1
1,4.61512,1,5.988961,0.0,0.0,8.7,0,0,0,Individual deductible,1
1,0.0,1,6.109248,6.160541,0.0,6.9,1,0,0,Individual deductible,1
1,4.61512,1,0.0,0.0,0.0,4.3,1,0,0,Individual deductible,1
1,0.0,1,6.109248,6.160541,0.0,6.9,0,1,0,Individual deductible,1
1,0.0,1,6.772897,6.160541,0.0,0.0,1,0,0,Individual deductible,1
1,0.0,1,5.703783,5.755076,0.1442925,10.57626,0,0,0,Individual deductible,1
1,0.0,1,6.651572,5.755076,0.0,13.8,0,0,0,Individual deductible,1
1,0.0,1,4.341856,5.755076,0.0,6.9,1,0,0,Individual deductible,1
1,0.0,1,6.131227,0.0,0.0,13.73189,1,0,0,Individual deductible,1
1,0.0,1,6.109248,6.160541,0.0,9.967326,0,1,0,Individual deductible,1
1,0.0,1,0.0,5.755076,0.0,10.3,1,0,0,Individual deductible,1
1,0.0,1,0.0,5.755076,0.0,3.4,0,0,0,Individual deductible,1
1,0.0,1,5.749202,5.755076,0.0,10.3,1,0,0,Individual deductible,1
1,4.61512,1,6.907755,0.0,0.0,13.73189,0,0,0,Individual deductible,1
1,0.0,1,0.0,6.160541,0.0,13.8,0,0,0,Individual deductible,1
1,0.0,1,6.109248,6.160541,0.0,9.967326,0,0,0,Individual deductible,1
1,0.0,1,6.109248,6.160541,0.0,3.4,0,0,0,Individual deductible,1
1,0.0,1,6.109248,6.160541,1.0,9.967326,0,0,0,Individual deductible,1
1,0.0,1,6.109248,6.160541,0.0,3.4,0,0,0,Individual deductible,1
1,0.0,1,6.86943,5.755076,1.0,17.2,0,0,0,Individual deductible,1
1,4.61512,1,6.907755,0.0,0.0,13.73189,1,0,0,Individual deductible,1
1,0.0,1,6.109248,6.160541,0.0,13.8,1,0,0,Individual deductible,1
1,4.61512,1,6.519147,0.0,0.0,13.0,1,0,0,Individual deductible,1
1,0.0,1,6.109248,6.160541,0.0,10.57626,0,0,0,Individual deductible,1
1,0.0,1,6.109248,6.160541,0.0,0.0,0,0,0,Individual deductible,1
1,0.0,1,6.109248,6.160541,0.0,10.57626,0,0,0,Individual deductible,1
1,0.0,1,7.122189,5.755076,0.0,3.4,0,0,0,Individual deductible,1
1,4.61512,1,6.907755,0.0,0.0,13.0,1,0,0,Individual deductible,1
1,0.0,1,0.0,6.160541,0.0,13.8,1,0,0,Individual deductible,1
1,0.0,1,6.109248,6.160541,0.0,3.4,0,0,0,Individual deductible,1
1,0.0,1,6.109248,6.160541,0.0,6.9,0,0,0,Individual deductible,1
1,4.61512,1,0.0,0.0,1.0,17.4,0,0,0,Individual deductible,1
1,0.0,1,0.0,0.0,1.0,13.73189,1,0,0,Individual deductible,1
1,4.61512,1,0.0,0.0,0.0,13.73189,1,0,0,Individual deductible,1
1,0.0,1,6.109248,6.160541,0.0,9.967326,0,0,0,Individual deductible,1
1,0.0,1,0.0,5.755076,0.0,10.3,1,0,0,Individual deductible,1
1,0.0,1,6.109248,6.160541,0.0,9.967326,1,0,0,Individual deductible,1
1,4.61512,1,0.0,0.0,0.0,8.7,1,0,0,Individual deductible,1
1,4.61512,1,4.317488,0.0,0.0327869,13.73189,0,0,0,Individual deductible,1
1,0.0,1,6.109248,6.160541,0.0,9.967326,0,0,0,Individual deductible,1
1,0.0,1,6.109248,6.160541,1.0,0.0,0,0,0,Individual deductible,1
1,0.0,1,5.703783,5.755076,0.0,20.7,0,0,0,Individual deductible,1
1,0.0,1,6.701961,5.755076,0.0,6.9,0,1,0,Individual deductible,1
1,0.0,1,6.109248,6.160541,0.0,3.4,0,0,0,Individual deductible,1
1,0.0,1,5.010635,5.755076,0.0,0.0,0,0,0,Individual deductible,1
1,4.61512,1,6.907755,0.0,0.0,13.73189,0,0,0,Individual deductible,1
1,0.0,1,5.163185,6.160541,0.0,20.7,1,0,0,Individual deductible,1
1,0.0,1,5.703783,5.755076,1.0,13.8,1,0,0,Individual deductible,1
1,0.0,1,5.703783,5.755076,0.0,13.8,1,0,0,Individual deductible,1
1,0.0,1,6.226378,6.160541,0.0,9.967326,0,0,0,Individual deductible,1
1,0.0,1,6.109248,6.160541,1.0,9.967326,0,0,0,Individual deductible,1
1,4.61512,1,6.907755,0.0,0.0,4.3,0,0,0,Individual deductible,1
1,0.0,1,5.460734,6.160541,0.0,3.4,0,0,0,Individual deductible,1
1,4.61512,1,6.791222,0.0,0.0,13.73189,0,0,0,Individual deductible,1
1,0.0,1,6.109248,6.160541,0.0,10.57626,0,0,0,Individual deductible,1
1,0.0,1,6.109248,6.160541,0.0,0.0,0,0,0,Individual deductible,1
1,0.0,1,6.109248,6.160541,0.1442925,10.57626,0,0,0,Individual deductible,1
1,0.0,1,6.109248,6.160541,0.0,20.7,0,1,0,Individual deductible,1
1,0.0,1,6.109248,6.160541,0.0,17.2,1,0,0,Individual deductible,1
1,0.0,1,5.010635,5.061929,0.0,13.8,1,0,0,Individual deductible,1
1,0.0,1,3.73767,5.061929,0.0,6.9,1,0,0,Individual deductible,1
1,0.0,1,6.109248,6.160541,0.0,10.57626,0,0,0,Individual deductible,1
1,0.0,1,6.109248,6.160541,0.0,11.84267,0,0,0,Individual deductible,1
1,0.0,1,5.703783,5.755076,0.0,10.3,0,0,0,Individual deductible,1
2,0.0,1,6.368736,5.755076,0.0,10.3,1,0,0,Individual deductible,1
2,0.0,1,6.109248,6.160541,0.0,10.3,0,0,0,Individual deductible,1
2,4.61512,1,6.907755,0.0,0.0,13.0,1,0,0,Individual deductible,1
2,0.0,1,4.787492,0.0,0.0,13.73189,0,0,0,Individual deductible,1
2,0.0,1,6.109248,6.160541,0.0,10.3,0,0,0,Individual deductible,1
2,0.0,1,5.352806,5.061929,0.1572505,9.967326,1,0,0,Individual deductible,1
2,0.0,1,0.0,6.160541,0.0,10.57626,1,0,0,Individual deductible,1
2,4.61512,1,0.0,0.0,0.0327869,13.73189,0,0,0,Individual deductible,1
2,0.0,1,6.109248,6.160541,0.0,3.4,0,0,1,Individual deductible,1
2,0.0,1,0.0,5.061929,0.0,6.9,1,0,0,Individual deductible,1
2,0.0,1,6.109248,0.0,0.0,13.73189,0,0,0,Individual deductible,1
2,0.0,1,6.109248,6.160541,0.0,10.3,0,0,0,Individual deductible,1
2,0.0,1,6.109248,6.160541,0.0,3.4,0,0,0,Individual deductible,1
2,0.0,1,6.228511,6.160541,0.0,20.7,1,0,0,Individual deductible,1
2,0.0,1,0.0,0.0,0.0,13.0,0,0,0,Individual deductible,1
2,0.0,1,6.109248,6.160541,0.0,24.1,0,0,0,Individual deductible,1
2,0.0,1,6.109248,6.160541,1.0,31.0,0,1,0,Individual deductible,1
2,0.0,1,6.109248,6.160541,1.0,11.84267,0,0,0,Individual deductible,1
2,0.0,1,0.0,0.0,0.0,13.73189,0,0,0,Individual deductible,1
2,0.0,1,6.109248,0.0,0.0,13.73189,1,0,0,Individual deductible,1
2,0.0,1,6.109248,6.160541,0.0,10.57626,1,0,0,Individual deductible,1
2,4.61512,1,6.907755,0.0,0.0,13.73189,0,0,0,Individual deductible,1
2,4.61512,1,6.907755,0.0,0.0,13.73189,0,0,0,Individual deductible,1
2,0.0,1,6.109248,6.160541,0.0,24.1,1,0,0,Individual deductible,1
2,0.0,1,6.109248,6.160541,0.0,10.57626,0,0,0,Individual deductible,1
2,0.0,1,6.109248,0.0,0.0,13.0,1,0,0,Individual deductible,1
2,4.61512,1,6.907755,0.0,1.0,13.73189,1,0,0,Individual deductible,1
2,4.61512,1,6.907755,0.0,0.0,8.7,1,0,0,Individual deductible,1
2,0.0,1,6.052089,6.160541,0.0,3.4,1,0,0,Individual deductible,1
2,0.0,1,6.109248,6.160541,0.0,9.967326,0,0,0,Individual deductible,1
2,0.0,1,6.507039,5.755076,0.0,10.3,1,0,0,Individual deductible,1
2,0.0,1,0.0,0.0,0.0,13.73189,0,0,0,Individual deductible,1
2,0.0,1,6.109248,6.160541,0.0,20.7,0,0,0,Individual deductible,1
2,0.0,1,0.0,5.755076,1.0,41.4,0,1,0,Individual deductible,1
2,0.0,1,5.083886,5.061929,0.0,17.2,1,0,0,Individual deductible,1
2,0.0,1,5.50655,5.061929,1.0,10.3,1,0,0,Individual deductible,1
2,0.0,1,5.617753,6.160541,0.0221239,11.84267,0,0,0,Individual deductible,1
2,4.61512,1,6.907755,0.0,0.0,13.0,1,0,0,Individual deductible,1
2,4.61512,1,6.684612,0.0,0.0,13.73189,1,0,0,Individual deductible,1
2,0.0,1,0.0,0.0,0.0,13.73189,0,1,0,Individual deductible,1
2,0.0,1,6.109248,6.160541,0.0,6.9,0,0,0,Individual deductible,1
2,4.61512,1,6.885509,0.0,0.0,13.73189,0,0,0,Individual deductible,1
2,0.0,1,6.109248,6.160541,0.0,6.9,0,0,0,Individual deductible,1
2,0.0,1,6.772897,6.160541,0.0,9.967326,0,0,0,Individual deductible,1
2,0.0,1,0.0,5.061929,0.0,13.8,0,0,0,Individual deductible,1
2,0.0,1,5.703783,6.160541,0.0,6.9,0,0,0,Individual deductible,1
2,0.0,1,6.109248,6.160541,0.1442925,10.57626,0,0,0,Individual deductible,1
2,0.0,1,6.200184,6.160541,0.0,9.967326,0,0,0,Individual deductible,1
2,0.0,1,5.010635,5.061929,0.0,0.0,0,0,0,Individual deductible,1
2,0.0,1,5.010635,5.061929,0.0,10.3,1,0,0,Individual deductible,1
2,0.0,1,6.109248,6.160541,1.0,20.7,0,0,0,Individual deductible,1
2,0.0,1,5.711089,5.061929,0.0,10.3,1,0,0,Individual deductible,1
3,0.0,1,6.109248,6.160541,0.0,9.967326,0,1,0,Individual deductible,1
3,0.0,1,6.109248,6.160541,0.0,6.9,0,0,0,Individual deductible,1
3,4.61512,1,6.885509,0.0,0.0,13.73189,0,0,0,Individual deductible,1
3,4.61512,1,5.843544,0.0,0.0,4.3,0,0,0,Individual deductible,1
3,4.61512,1,6.907755,0.0,0.0,13.73189,1,0,0,Individual deductible,1
3,0.0,1,0.0,6.160541,0.0,0.0,1,0,0,Individual deductible,1
3,0.0,1,6.109248,6.160541,0.0,20.7,1,0,0,Individual deductible,1
3,0.0,1,5.05529,5.755076,0.0,10.3,0,1,0,Individual deductible,1
3,0.0,1,6.109248,6.160541,1.0,0.0,0,0,0,Individual deductible,1
3,4.61512,1,6.907755,0.0,0.0,4.3,0,0,0,Individual deductible,1
3,0.0,1,6.109248,6.160541,0.0,10.57626,0,0,0,Individual deductible,1
3,0.0,1,6.109248,6.160541,0.0,9.967326,0,0,0,Individual deductible,1
3,4.61512,1,6.907755,0.0,0.0,13.73189,1,0,0,Individual deductible,1
3,0.0,1,5.460734,6.160541,0.0,11.84267,0,0,0,Individual deductible,1
3,4.61512,1,5.703783,0.0,0.0,13.73189,0,0,0,Individual deductible,1
3,0.0,1,6.109248,6.160541,1.0,10.57626,0,0,0,Individual deductible,1
3,0.0,1,6.109248,6.160541,0.0,9.967326,0,0,0,Individual deductible,1
3,0.0,1,0.0,6.160541,0.0,3.4,1,0,0,Individual deductible,1
3,0.0,1,6.109248,6.160541,0.0,10.3,1,0,0,Individual deductible,1
3,0.0,1,6.109248,6.160541,0.0,10.3,0,0,0,Individual deductible,1
3,0.0,1,6.109248,6.160541,0.0,3.4,0,0,0,Individual deductible,1
3,0.0,1,5.010635,6.160541,0.0,6.9,0,0,0,Individual deductible,1
3,4.61512,1,6.907755,0.0,0.0,17.4,1,0,0,Individual deductible,1
3,0.0,1,6.109248,6.160541,0.0,3.4,1,0,0,Individual deductible,1
3,0.0,1,5.703783,5.755076,0.0,9.967326,1,0,0,Individual deductible,1
3,0.0,1,6.109248,6.160541,0.0,20.7,0,0,0,Individual deductible,1
3,0.0,1,6.109248,6.160541,0.0,9.967326,0,0,0,Individual deductible,1
3,0.0,1,6.109248,6.160541,0.0,3.4,0,0,0,Individual deductible,1
3,0.0,1,5.703783,5.755076,0.0,10.3,1,0,0,Individual deductible,1
3,0.0,1,5.703783,5.755076,0.0,34.5,1,0,0,Individual deductible,1
3,4.61512,1,6.907755,0.0,0.0,13.73189,0,0,0,Individual deductible,1
3,4.61512,1,6.907755,0.0,0.0,13.73189,1,0,0,Individual deductible,1
3,0.0,1,6.109248,6.160541,0.0,0.0,0,0,0,Individual deductible,1
3,0.0,1,5.928099,5.755076,0.0,10.3,0,0,0,Individual deductible,1
3,4.61512,1,5.998937,0.0,0.0,21.7,1,0,0,Individual deductible,1
3,0.0,1,6.708963,6.160541,0.0,10.57626,0,0,0,Individual deductible,1
3,0.0,1,0.0,0.0,0.0,8.7,0,0,0,Individual deductible,1
4,0.0,1,6.109248,6.160541,0.0,17.2,1,0,0,Individual deductible,1
4,0.0,1,6.272877,0.0,0.0,13.73189,0,0,0,Individual deductible,1
4,0.0,1,0.0,6.160541,0.0,3.4,1,0,0,Individual deductible,1
4,0.0,1,6.109248,6.160541,0.0,13.8,0,0,0,Individual deductible,1
4,4.61512,1,6.907755,0.0,0.0,13.0,0,0,0,Individual deductible,1
4,4.61512,1,6.684612,0.0,0.0,13.73189,1,0,0,Individual deductible,1
4,0.0,1,5.460734,6.160541,0.0,11.84267,0,0,0,Individual deductible,1
4,0.0,1,0.0,5.061929,0.0,6.9,1,0,0,Individual deductible,1
4,0.0,1,5.703783,5.755076,0.0268456,9.967326,0,0,0,Individual deductible,1
4,0.0,1,5.460734,6.160541,0.0,20.7,1,0,0,Individual deductible,1
4,4.61512,1,6.907755,0.0,0.0,13.73189,0,0,0,Individual deductible,1
4,0.0,1,6.109248,0.0,0.0,13.73189,0,0,0,Individual deductible,1
4,0.0,1,6.183674,6.160541,0.0,10.3,1,0,0,Individual deductible,1
4,0.0,1,6.109248,6.160541,0.0,10.3,1,0,0,Individual deductible,1
4,4.61512,1,6.802395,0.0,0.0,13.73189,0,0,0,Individual deductible,1
4,0.0,1,0.0,6.160541,0.0,3.4,0,0,1,Individual deductible,1
4,0.0,1,0.0,5.755076,1.0,24.1,0,0,0,Individual deductible,1
5,4.61512,1,6.907755,0.0,0.0,21.7,1,0,0,Individual deductible,1
5,0.0,1,5.010635,5.755076,0.0,0.0,0,0,0,Individual deductible,1
5,0.0,1,5.010635,6.160541,0.0,10.3,0,0,0,Individual deductible,1
5,0.0,1,6.109248,6.160541,0.0,10.57626,0,1,0,Individual deductible,1
5,4.61512,1,6.907755,0.0,0.0,21.7,1,0,0,Individual deductible,1
5,0.0,1,6.109248,6.160541,0.0,10.3,1,0,0,Individual deductible,1
5,0.0,1,5.703783,6.160541,0.0,20.7,0,1,0,Individual deductible,1
5,0.0,1,6.109248,6.160541,1.0,20.7,0,0,0,Individual deductible,1
5,0.0,1,6.109248,6.160541,0.0,9.967326,0,0,0,Individual deductible,1
5,0.0,1,5.460734,6.160541,0.0,11.84267,1,0,0,Individual deductible,1
5,4.61512,1,6.907755,0.0,0.0,13.73189,1,0,0,Individual deductible,1
5,0.0,1,0.0,6.160541,0.0,9.967326,0,0,0,Individual deductible,1
5,4.61512,1,6.907755,0.0,0.0,13.73189,0,0,0,Individual deductible,1
5,4.61512,1,6.907755,0.0,0.0,13.73189,0,0,0,Individual deductible,1
5,4.61512,1,6.907755,0.0,0.0,4.3,0,0,0,Individual deductible,1
5,0.0,1,6.109248,6.160541,0.0,17.2,1,0,0,Individual deductible,1
6,0.0,1,0.0,5.061929,0.0,13.8,0,0,0,Individual deductible,1
6,0.0,1,5.703783,0.0,0.0,8.7,1,0,0,Individual deductible,1
6,0.0,1,5.010635,5.061929,0.0,31.0,1,0,0,Individual deductible,1
6,0.0,1,6.109248,6.160541,0.0,9.967326,0,0,0,Individual deductible,1
6,0.0,1,5.010635,5.061929,0.0,3.4,0,0,0,Individual deductible,1
6,4.61512,1,6.907755,0.0,1.0,30.4,0,1,0,Individual deductible,1
6,4.61512,1,6.907755,0.0,1.0,39.1,0,1,0,Individual deductible,1
6,4.61512,1,6.907755,0.0,0.0,13.73189,1,0,0,Individual deductible,1
6,0.0,1,4.976734,0.0,0.0,13.73189,1,0,0,Individual deductible,1
6,0.0,1,5.010635,5.061929,0.0,31.0,1,0,0,Individual deductible,1
6,0.0,1,0.0,0.0,0.0,13.73189,0,0,0,Individual deductible,1
6,0.0,1,6.109248,6.160541,0.0268456,9.967326,0,0,0,Individual deductible,1
6,0.0,1,6.109248,6.160541,0.0,17.2,0,0,0,Individual deductible,1
6,0.0,1,6.109248,6.160541,0.0,3.4,0,0,0,Individual deductible,1
6,0.0,1,6.109248,6.160541,0.0,11.84267,0,0,0,Individual deductible,1
7,0.0,1,6.109248,6.160541,0.0,6.9,0,0,0,Individual deductible,1
7,4.61512,1,6.907755,0.0,0.0,13.73189,1,0,0,Individual deductible,1
7,0.0,1,6.109248,6.160541,0.0,9.967326,0,1,0,Individual deductible,1
7,0.0,1,6.109248,6.160541,0.0,9.967326,0,0,0,Individual deductible,1
7,0.0,1,6.109248,6.160541,0.0,24.1,0,1,0,Individual deductible,1
7,0.0,1,5.749202,5.755076,0.0268456,9.967326,0,0,0,Individual deductible,1
7,4.61512,1,6.907755,0.0,1.0,8.7,1,0,0,Individual deductible,1
7,4.61512,1,6.907755,0.0,0.0,8.7,0,0,0,Individual deductible,1
8,0.0,1,6.109248,6.160541,0.0,13.8,0,1,0,Individual deductible,1
8,4.61512,1,6.907755,0.0,0.0327869,13.73189,0,0,0,Individual deductible,1
8,0.0,1,6.109248,0.0,0.0327869,13.73189,0,0,0,Individual deductible,1
8,0.0,1,6.109248,0.0,0.0,13.73189,0,0,0,Individual deductible,1
9,0.0,1,6.471356,6.160541,0.0,24.1,0,0,1,Individual deductible,1
9,0.0,1,6.109248,0.0,0.0,13.73189,1,0,0,Individual deductible,1
9,0.0,1,6.109248,6.160541,0.0,13.8,1,0,0,Individual deductible,1
9,0.0,1,5.593967,5.061929,1.0,37.9,0,1,0,Individual deductible,1
9,4.61512,1,6.799056,0.0,0.0,21.7,0,1,0,Individual deductible,1
9,0.0,1,6.109248,6.160541,1.0,17.2,0,1,0,Individual deductible,1
10,4.61512,1,6.907755,0.0,0.0,26.1,0,1,0,Individual deductible,1
11,0.0,1,5.703783,0.0,0.0,21.7,1,0,0,Individual deductible,1
11,0.0,1,5.703783,5.755076,0.0,13.8,1,0,0,Individual deductible,1
11,0.0,1,6.109248,6.160541,0.0,11.84267,1,0,0,Individual deductible,1
11,0.0,1,5.460734,6.160541,0.0,11.84267,1,0,0,Individual deductible,1
11,0.0,1,5.010635,5.061929,0.1442925,10.57626,0,0,0,Individual deductible,1
11,0.0,1,6.471356,6.160541,0.0,10.3,0,0,0,Individual deductible,1
13,0.0,1,6.109248,6.160541,0.0,10.57626,1,0,0,Individual deductible,1
13,0.0,1,6.767757,6.160541,1.0,24.1,0,1,0,Individual deductible,1
14,0.0,1,0.0,5.061929,1.0,24.1,1,0,0,Individual deductible,1
14,0.0,1,5.010635,5.061929,0.0,20.7,0,0,0,Individual deductible,1
14,0.0,1,5.857819,5.755076,0.1442925,10.57626,0,0,0,Individual deductible,1
14,4.61512,1,6.907755,0.0,0.0,0.0,0,0,0,Individual deductible,1
15,4.61512,1,6.907755,0.0,0.0,21.7,1,0,0,Individual deductible,1
16,0.0,1,5.986452,0.0,1.0,13.73189,1,0,0,Individual deductible,1
16,0.0,1,5.010635,5.061929,0.0,31.0,1,0,0,Individual deductible,1
18,0.0,1,6.109248,6.160541,0.0268456,9.967326,0,0,0,Individual deductible,1
25,0.0,1,6.86943,5.755076,1.0,20.7,0,1,0,Individual deductible,1
38,0.0,1,0.0,0.0,1.0,30.4,1,0,0,Individual deductible,1
0,0.0,0,4.822859,0.0,0.0,10.57626,0,0,0,Other plan,0
0,4.564348,0,6.907755,6.959049,0.1442925,10.57626,0,0,0,Other plan,0
0,0.0,0,0.0,0.0,0.1442925,10.57626,0,0,0,Other plan,0
0,0.0,0,5.903944,0.0,0.0,10.3,1,0,0,Other plan,0
0,0.0,0,3.178054,0.0,0.0,0.0,0,0,0,Other plan,0
0,3.258096,0,6.620073,8.006368,1.0,6.9,1,0,0,Other plan,0
0,4.564348,0,6.907755,6.959049,0.0,3.4,1,0,0,Other plan,0
0,0.0,0,0.0,0.0,0.0,11.84267,0,0,0,Other plan,0
0,3.258096,0,6.620073,8.006368,0.0,10.57626,0,0,0,Other plan,0
0,0.0,0,5.949392,0.0,0.0,9.967326,0,0,0,Other plan,0
0,3.931826,0,0.0,6.984716,0.0,10.57626,1,0,0,Other plan,0
0,4.564348,0,6.160574,6.211867,0.0,10.57626,1,0,0,Other plan,0
0,3.258096,0,6.586172,8.006368,0.0,0.0,0,0,0,Other plan,0
0,0.0,0,4.668708,0.0,0.0,10.57626,0,0,0,Other plan,0
0,4.564348,0,6.907755,6.959049,0.0,6.9,0,0,0,Other plan,0
0,3.258096,0,6.620073,8.006368,0.0,10.57626,1,0,0,Other plan,0
0,4.564348,0,4.393214,4.444507,0.1442925,10.57626,0,0,0,Other plan,0
0,4.564348,0,6.907755,6.959049,0.0,6.9,0,0,0,Other plan,0
0,0.0,0,0.0,0.0,0.0,0.0,0,0,0,Other plan,0
0,0.0,0,0.0,0.0,0.0,13.73189,1,0,0,Other plan,0
0,3.258096,0,0.0,8.006368,0.0,0.0,0,0,0,Other plan,0
0,0.0,0,4.992878,0.0,0.1442925,10.57626,0,0,0,Other plan,0
0,4.564348,0,6.684612,6.735905,0.0,9.967326,0,0,0,Other plan,0
0,3.931826,0,6.867558,7.560705,1.0,10.57626,0,0,0,Other plan,0
0,0.0,0,0.0,0.0,0.0,13.73189,0,0,0,Other plan,0
0,3.931826,0,0.0,7.600903,1.0,34.8,1,0,0,Other plan,0
0,0.0,0,0.0,0.0,0.0,17.4,1,0,0,Other plan,0
0,0.0,0,6.198479,0.0,0.0,13.73189,1,0,0,Other plan,0
0,3.258096,0,6.907755,8.294049,0.0,13.73189,0,0,0,Other plan,0
0,3.258096,0,0.0,8.006368,1.0,10.57626,0,0,0,Other plan,0
0,0.0,0,7.080969,0.0,0.0,0.0,1,0,0,Other plan,0
0,3.258096,0,6.586172,8.006368,0.0,9.967326,0,0,0,Other plan,0
0,0.0,0,5.029653,0.0,0.0,13.8,0,0,1,Other plan,0
0,0.0,0,5.45018,0.0,0.0,9.967326,1,0,0,Other plan,0
0,4.564348,0,6.882438,6.933731,0.0,24.1,0,0,0,Other plan,0
0,0.0,0,0.0,0.0,0.0,6.9,0,0,0,Other plan,0
0,3.258096,0,6.401171,7.787465,0.0,20.7,1,0,0,Other plan,0
0,4.564348,0,6.907755,6.959049,0.0,11.84267,0,0,0,Other plan,0
0,3.931826,0,6.395262,7.088409,0.0,13.73189,0,0,0,Other plan,0
0,3.258096,0,6.620073,8.006368,0.0,9.967326,0,0,0,Other plan,0
0,4.564348,0,6.709304,6.760598,0.0,3.4,1,0,0,Other plan,0
0,4.564348,0,6.907755,6.959049,0.0,3.4,1,0,0,Other plan,0
0,3.931826,0,6.633318,7.326466,0.0,4.3,1,0,0,Other plan,0
0,0.0,0,5.672085,0.0,0.0,3.4,0,0,0,Other plan,0
0,4.564348,0,6.907755,6.959049,0.0,0.0,0,0,0,Other plan,0
0,3.258096,0,6.620073,8.006368,0.0,6.9,0,0,0,Other plan,0
0,0.0,0,4.510859,0.0,0.0,10.57626,1,0,0,Other plan,0
0,3.258096,0,6.620073,8.006368,0.0,10.57626,0,1,0,Other plan,0
0,3.258096,0,6.620073,8.006368,1.0,13.8,1,0,0,Other plan,0
0,3.258096,0,6.907755,8.294049,0.0,13.73189,1,0,0,Other plan,0
0,4.564348,0,0.0,6.818751,0.1442925,10.57626,1,0,0,Other plan,0
0,0.0,0,0.0,0.0,1.0,3.4,0,0,1,Other plan,0
0,4.564348,0,5.753049,5.804342,1.0,10.57626,1,0,0,Other plan,0
0,0.0,0,5.796483,0.0,0.0,3.4,0,0,0,Other plan,0
0,0.0,0,0.0,0.0,0.0,6.9,0,0,0,Other plan,0
0,0.0,0,0.0,0.0,0.0,13.73189,0,0,0,Other plan,0
0,3.258096,0,7.163699,8.006368,0.0,10.57626,0,0,0,Other plan,0
0,0.0,0,6.050488,0.0,0.1442925,20.7,0,0,0,Other plan,0
0,3.258096,0,6.907755,8.294049,0.0,0.0,0,0,0,Other plan,0
0,4.564348,0,6.709304,6.760598,0.0,10.57626,1,0,0,Other plan,0
0,3.258096,0,6.620073,8.006368,0.0,9.967326,0,0,0,Other plan,0
0,4.564348,0,6.114964,6.63781,0.0,11.84267,0,0,0,Other plan,0
0,4.564348,0,6.802395,6.853688,0.0,0.0,0,1,0,Other plan,0
0,3.258096,0,0.0,8.006368,0.0,10.57626,0,0,0,Other plan,0
0,4.564348,0,6.365267,6.41656,0.0,3.4,1,0,0,Other plan,0
0,0.0,0,0.0,0.0,0.0,3.4,0,1,0,Other plan,0
0,0.0,0,5.379713,0.0,0.0,0.0,0,0,0,Other plan,0
0,0.0,0,4.992878,0.0,0.0,13.8,1,0,0,Other plan,0
0,4.564348,0,5.087596,5.061929,0.0,17.2,1,0,0,Other plan,0
0,4.564348,0,6.55108,6.602374,0.0,9.967326,1,0,0,Other plan,0
0,0.0,0,0.0,0.0,0.0,3.4,1,0,0,Other plan,0
0,3.931826,0,6.907755,7.600903,0.0,10.57626,0,0,0,Other plan,0
0,4.564348,0,5.160491,5.467394,0.0,3.4,0,1,0,Other plan,0
0,0.0,0,0.0,0.0,0.1981873,11.84267,0,0,0,Other plan,0
0,3.258096,0,5.810392,7.196687,0.0,3.4,1,0,0,Other plan,0
0,3.258096,0,5.703783,7.090077,0.0,3.4,0,0,0,Other plan,0
0,0.0,0,5.451038,0.0,0.0,13.73189,1,0,0,Other plan,0
0,4.564348,0,0.0,5.928188,0.0,6.9,1,0,0,Other plan,0
0,3.258096,0,0.0,8.006368,0.0,6.9,0,0,0,Other plan,0
0,3.258096,0,6.907755,8.294049,0.0,6.9,1,0,0,Other plan,0
0,4.564348,0,6.907755,6.959049,0.0,0.0,0,0,0,Other plan,0
0,4.564348,0,6.907755,6.959049,0.0,0.0,1,0,0,Other plan,0
0,4.564348,0,6.743352,6.794645,0.0,10.3,1,0,0,Other plan,0
0,4.564348,0,6.907755,6.959049,0.0,9.967326,1,0,0,Other plan,0
0,4.564348,0,6.367501,6.418794,0.0,9.967326,0,0,0,Other plan,0
0,0.0,0,0.0,0.0,0.0,10.57626,1,0,0,Other plan,0
0,4.564348,0,6.907755,6.959049,0.0,10.57626,1,0,0,Other plan,0
0,4.564348,0,6.367501,6.418794,0.0,9.967326,1,0,0,Other plan,0
0,4.564348,0,6.907755,6.959049,0.0,3.4,1,0,0,Other plan,0
0,4.564348,0,6.907755,6.959049,0.0,9.967326,0,0,0,Other plan,0
0,4.564348,0,6.907755,6.959049,0.0,9.967326,0,0,0,Other plan,0
0,0.0,0,0.0,0.0,0.0,0.0,1,0,0,Other plan,0
0,0.0,0,5.369708,0.0,0.0,3.4,0,0,0,Other plan,0
0,3.258096,0,6.620073,8.006368,0.0,10.57626,0,0,0,Other plan,0
0,0.0,0,0.0,0.0,0.0,0.0,0,1,0,Other plan,0
0,4.564348,0,6.907755,6.959049,0.0,6.9,1,0,0,Other plan,0
0,4.564348,0,6.383507,6.4348,0.0,0.0,0,0,0,Other plan,0
0,3.258096,0,0.0,7.755767,0.0,9.967326,0,0,0,Other plan,0
0,0.0,0,0.0,0.0,0.0,10.57626,0,0,0,Other plan,0
0,3.258096,0,3.039749,4.426044,0.0,10.57626,0,1,0,Other plan,0
0,3.931826,0,0.0,0.0,1.0,30.4,1,0,0,Other plan,0
0,4.564348,0,7.06732,6.675624,0.1442925,10.57626,0,0,0,Other plan,0
0,0.0,0,0.0,0.0,0.0,11.84267,1,0,0,Other plan,0
0,3.258096,0,6.094923,7.481217,0.0,10.57626,1,0,0,Other plan,0
0,4.564348,0,5.519459,5.570752,0.0,10.3,0,0,0,Other plan,0
0,0.0,0,6.126869,0.0,0.0327869,13.73189,0,0,0,Other plan,0
0,0.0,0,0.0,0.0,1.0,27.6,0,0,1,Other plan,0
0,4.564348,0,6.907755,6.959049,0.0,6.9,0,0,0,Other plan,0
0,3.258096,0,6.907755,8.294049,0.0,13.73189,1,0,0,Other plan,0
0,3.258096,0,6.620073,8.006368,0.1442925,10.57626,0,0,0,Other plan,0
0,4.564348,0,0.0,6.265902,0.0,11.84267,0,0,0,Other plan,0
0,0.0,0,0.0,0.0,0.0,4.3,1,0,0,Other plan,0
0,3.258096,0,6.603266,7.989561,0.0,10.57626,0,0,0,Other plan,0
0,0.0,0,5.51986,0.0,0.0,11.84267,0,0,0,Other plan,0
0,0.0,0,5.902633,0.0,0.0,6.9,0,0,0,Other plan,0
0,4.564348,0,6.907755,6.959049,1.0,10.3,0,0,0,Other plan,0
0,0.0,0,0.0,0.0,0.0,6.9,0,0,0,Other plan,0
0,0.0,0,6.200184,0.0,0.0,6.9,1,0,0,Other plan,0
0,0.0,0,5.273,0.0,0.0,6.9,0,1,0,Other plan,0
0,4.564348,0,0.0,4.420108,0.0,0.0,1,0,0,Other plan,0
0,0.0,0,5.278115,0.0,0.0,13.73189,0,0,0,Other plan,0
0,0.0,0,5.228324,0.0,0.0,9.967326,0,0,0,Other plan,0
0,0.0,0,0.0,0.0,0.0,17.4,1,0,0,Other plan,0
0,0.0,0,3.871201,0.0,1.0,10.3,0,0,0,Other plan,0
0,4.564348,0,3.883624,3.934917,0.1442925,10.57626,1,0,0,Other plan,0
0,3.258096,0,5.810392,7.196687,0.0,0.0,0,0,0,Other plan,0
0,0.0,0,5.198276,0.0,0.0,13.8,0,0,0,Other plan,0
0,3.258096,0,6.26957,7.702105,0.0,0.0,1,0,0,Other plan,0
0,0.0,0,0.0,0.0,0.0,6.9,1,0,0,Other plan,0
0,3.258096,0,6.907755,8.294049,0.0,0.0,0,0,0,Other plan,0
0,4.564348,0,5.969474,6.020768,0.0,6.9,0,1,0,Other plan,0
0,0.0,0,0.0,0.0,0.0,13.0,0,0,0,Other plan,0
1,0.0,0,6.100677,0.0,0.0,17.2,1,0,0,Other plan,1
1,0.0,0,0.0,0.0,1.0,20.7,1,0,0,Other plan,1
1,0.0,0,5.259992,0.0,0.0,10.57626,1,0,0,Other plan,1
1,3.931826,0,5.518898,5.442418,0.0,6.9,0,0,0,Other plan,1
1,0.0,0,6.351409,0.0,0.0,11.84267,0,0,0,Other plan,1
1,3.258096,0,6.907755,8.294049,0.0,13.73189,1,0,0,Other plan,1
1,0.0,0,4.174387,0.0,0.0,13.73189,0,0,0,Other plan,1
1,0.0,0,5.783825,0.0,0.0,13.73189,0,0,0,Other plan,1
1,3.258096,0,6.244167,7.630461,0.0,13.73189,1,0,0,Other plan,1
1,0.0,0,4.094345,0.0,0.0,4.3,0,0,0,Other plan,1
1,0.0,0,0.0,0.0,0.0327869,13.73189,0,0,0,Other plan,1
1,3.258096,0,0.0,6.579251,0.0,13.8,0,1,0,Other plan,1
1,3.931826,0,6.907755,7.600903,0.0,9.967326,0,0,0,Other plan,1
1,0.0,0,4.162003,0.0,0.0,10.3,0,0,0,Other plan,1
1,3.258096,0,6.907755,8.294049,0.0,11.84267,0,0,0,Other plan,1
1,3.258096,0,5.68358,7.069874,0.0,9.967326,0,0,0,Other plan,1
1,4.564348,0,6.907755,6.959049,1.0,6.9,0,0,1,Other plan,1
1,3.258096,0,6.620073,8.006368,0.0,10.3,0,0,0,Other plan,1
1,3.931826,0,6.907755,7.600903,0.0,3.4,0,0,0,Other plan,1
1,4.564348,0,6.907755,6.959049,0.0,6.9,1,0,0,Other plan,1
1,3.258096,0,5.420535,6.536633,0.0,6.9,0,0,0,Other plan,1
1,3.258096,0,6.907755,8.294049,0.0,13.8,1,0,0,Other plan,1
1,4.564348,0,6.476973,6.528265,0.0,0.0,1,0,0,Other plan,1
1,0.0,0,5.418764,0.0,0.0,9.967326,0,0,0,Other plan,1
1,3.258096,0,6.510258,7.896553,0.0,10.57626,0,0,0,Other plan,1
1,3.258096,0,6.620073,8.006368,0.0,10.57626,0,0,0,Other plan,1
1,0.0,0,5.273,0.0,0.0,0.0,0,0,0,Other plan,1
1,0.0,0,0.0,0.0,0.0,3.4,0,0,0,Other plan,1
1,0.0,0,0.0,0.0,0.0,8.7,0,0,0,Other plan,1
1,0.0,0,5.970139,0.0,0.0,3.4,0,0,0,Other plan,1
1,0.0,0,5.285232,0.0,0.0,10.3,0,0,0,Other plan,1
1,3.931826,0,6.907755,7.600903,0.0,4.3,0,0,0,Other plan,1
1,4.564348,0,6.907755,6.959049,0.0,11.84267,0,0,0,Other plan,1
1,0.0,0,5.506307,0.0,0.0,17.2,1,0,0,Other plan,1
1,4.564348,0,5.398163,5.449456,1.0,24.1,1,0,0,Other plan,1
1,0.0,0,5.372497,0.0,0.0,13.8,0,0,0,Other plan,1
1,3.258096,0,6.174827,7.561121,0.0,24.1,1,0,0,Other plan,1
1,4.564348,0,6.55108,6.602374,0.0,10.57626,0,0,0,Other plan,1
1,0.0,0,0.0,0.0,0.0,11.84267,0,0,0,Other plan,1
1,3.258096,0,0.0,8.294049,0.0,11.84267,0,0,0,Other plan,1
1,0.0,0,0.0,0.0,0.0,9.967326,0,0,0,Other plan,1
1,3.258096,0,6.620073,8.006368,0.0,0.0,0,0,0,Other plan,1
1,0.0,0,0.0,0.0,0.0,13.73189,1,0,0,Other plan,1
1,3.258096,0,6.620073,8.006368,0.0,6.9,0,0,0,Other plan,1
1,3.258096,0,6.620073,8.006368,0.0,9.967326,1,0,0,Other plan,1
1,3.931826,0,6.907755,7.600903,0.0,9.967326,0,0,0,Other plan,1
1,0.0,0,0.0,0.0,0.0,0.0,0,0,0,Other plan,1
1,0.0,0,5.052161,0.0,0.0,3.4,1,0,0,Other plan,1
1,3.258096,0,6.620073,8.006368,0.0,10.3,1,0,0,Other plan,1
1,3.258096,0,6.907755,8.294049,0.0,11.84267,0,0,0,Other plan,1
1,0.0,0,4.094345,0.0,0.0,13.73189,0,0,0,Other plan,1
1,3.931826,0,6.907755,7.600903,0.0,13.73189,0,0,0,Other plan,1
1,3.258096,0,6.907755,8.294049,0.0,10.3,1,0,0,Other plan,1
1,0.0,0,6.030685,0.0,1.0,10.3,0,1,0,Other plan,1
1,0.0,0,0.0,0.0,1.0,0.0,0,0,0,Other plan,1
1,3.931826,0,6.586172,7.408531,0.0,0.0,0,0,0,Other plan,1
1,0.0,0,5.532757,0.0,0.0,10.3,1,0,0,Other plan,1
1,0.0,0,6.704414,0.0,0.0,6.9,0,1,0,Other plan,1
1,0.0,0,5.869636,0.0,0.0,6.9,0,0,0,Other plan,1
1,3.258096,0,6.620073,8.006368,1.0,20.7,1,0,0,Other plan,1
1,0.0,0,3.401197,0.0,0.0,0.0,0,0,0,Other plan,1
1,4.564348,0,0.0,6.959049,0.0,10.3,0,0,0,Other plan,1
1,3.258096,0,6.55108,7.937375,0.0,10.57626,0,0,0,Other plan,1
1,0.0,0,4.668708,0.0,0.0,13.8,1,0,0,Other plan,1
1,0.0,0,0.0,0.0,0.0,17.2,0,0,0,Other plan,1
1,0.0,0,5.330978,0.0,0.0,3.4,0,0,0,Other plan,1
1,0.0,0,0.0,0.0,0.0,13.8,0,0,0,Other plan,1
1,4.564348,0,0.0,6.959049,0.0,0.0,0,0,0,Other plan,1
2,4.564348,0,6.907755,6.959049,0.0,31.0,0,1,0,Other plan,1
2,4.564348,0,6.907755,6.959049,0.0,9.967326,0,0,0,Other plan,1
2,4.564348,0,6.907755,6.959049,0.0,9.967326,0,0,0,Other plan,1
2,0.0,0,0.0,0.0,0.0,0.0,1,0,0,Other plan,1
2,0.0,0,0.0,0.0,0.0,13.73189,1,0,0,Other plan,1
2,3.258096,0,6.907755,8.294049,0.0,13.0,0,0,0,Other plan,1
2,0.0,0,0.0,0.0,0.0,10.57626,0,0,0,Other plan,1
2,0.0,0,0.0,0.0,0.0,0.0,0,0,0,Other plan,1
2,3.258096,0,6.620073,8.006368,0.0,13.8,0,0,0,Other plan,1
2,3.258096,0,6.119858,7.506152,0.0,9.967326,0,0,0,Other plan,1
2,0.0,0,0.0,0.0,0.0,13.73189,0,0,0,Other plan,1
2,0.0,0,0.0,0.0,0.0,10.3,1,0,0,Other plan,1
2,0.0,0,0.0,0.0,0.0,6.9,0,0,0,Other plan,1
2,3.258096,0,6.620073,8.006368,1.0,27.6,0,0,0,Other plan,1
2,0.0,0,0.0,0.0,1.0,13.8,1,0,0,Other plan,1
2,3.258096,0,0.0,0.0,0.0,30.4,0,0,0,Other plan,1
2,0.0,0,4.094345,0.0,0.0327869,13.73189,0,0,0,Other plan,1
2,3.258096,0,6.120297,7.506592,0.0,13.73189,0,0,0,Other plan,1
2,4.564348,0,6.907755,6.959049,0.1442925,10.57626,0,0,0,Other plan,1
2,3.258096,0,6.620073,8.006368,0.0,6.9,0,0,0,Other plan,1
2,4.564348,0,6.907755,6.959049,1.0,27.6,0,0,0,Other plan,1
2,3.258096,0,6.907755,8.294049,0.0,13.0,1,0,0,Other plan,1
2,0.0,0,5.187609,0.0,0.0,10.3,1,0,0,Other plan,1
2,3.258096,0,6.907755,8.294049,0.0,21.7,1,0,0,Other plan,1
2,0.0,0,6.087683,0.0,0.0,13.8,0,0,0,Other plan,1
2,4.564348,0,6.506501,6.959049,1.0,11.84267,0,0,0,Other plan,1
2,3.258096,0,6.907755,8.294049,0.0,13.73189,1,0,0,Other plan,1
2,3.931826,0,6.363563,7.05671,0.0,21.7,1,0,0,Other plan,1
2,0.0,0,0.0,0.0,0.0,10.57626,0,0,0,Other plan,1
2,0.0,0,5.532757,0.0,0.0,10.3,1,0,0,Other plan,1
2,4.564348,0,5.675383,5.726676,1.0,6.9,1,0,0,Other plan,1
2,0.0,0,5.949392,0.0,0.0,9.967326,0,0,0,Other plan,1
2,3.258096,0,6.324359,7.710653,0.0,6.9,0,0,0,Other plan,1
2,3.258096,0,6.119858,7.506152,0.0,6.9,0,0,0,Other plan,1
2,0.0,0,0.0,0.0,0.0,8.7,1,0,0,Other plan,1
2,4.564348,0,5.587249,5.638542,1.0,17.2,1,0,0,Other plan,1
2,3.258096,0,6.620073,8.006368,0.0,10.57626,0,0,0,Other plan,1
2,0.0,0,4.787492,0.0,0.0,13.73189,0,0,0,Other plan,1
2,3.258096,0,6.620073,8.006368,0.0,13.8,1,0,0,Other plan,1
2,3.258096,0,6.620073,8.006368,0.0,10.57626,0,0,0,Other plan,1
2,0.0,0,0.0,0.0,0.0,9.967326,0,0,0,Other plan,1
2,3.258096,0,6.2105,7.596794,0.0,9.967326,0,0,0,Other plan,1
2,3.258096,0,6.214608,7.600903,0.0,13.73189,0,0,0,Other plan,1
2,0.0,0,5.632071,0.0,0.0,3.4,0,1,0,Other plan,1
2,0.0,0,5.33001,0.0,0.0,20.7,1,0,0,Other plan,1
2,3.258096,0,6.620073,8.006368,0.0,0.0,1,0,0,Other plan,1
2,0.0,0,5.713733,0.0,0.0,6.9,0,0,0,Other plan,1
2,0.0,0,6.050488,0.0,0.1442925,10.57626,0,0,0,Other plan,1
2,4.564348,0,6.907755,6.959049,0.0,11.84267,1,0,0,Other plan,1
2,0.0,0,0.0,0.0,0.0,9.967326,1,0,0,Other plan,1
2,3.258096,0,6.907755,8.294049,0.0,21.7,0,1,0,Other plan,1
2,3.931826,0,6.907755,7.600903,0.0,13.73189,0,0,0,Other plan,1
2,0.0,0,5.273,0.0,0.0,4.3,0,0,0,Other plan,1
2,3.258096,0,6.620073,8.006368,0.0,9.967326,0,0,0,Other plan,1
2,4.564348,0,6.882438,6.933731,0.0,24.1,0,0,0,Other plan,1
2,3.931826,0,6.907755,7.600903,0.0,13.73189,0,0,0,Other plan,1
2,3.258096,0,6.620073,8.006368,0.0,6.9,1,0,0,Other plan,1
3,3.258096,0,6.069814,7.456108,0.0,0.0,1,0,0,Other plan,1
3,3.258096,0,6.174827,7.561121,0.0,24.1,1,0,0,Other plan,1
3,0.0,0,6.094202,0.0,0.0,9.967326,1,0,0,Other plan,1
3,0.0,0,5.278115,0.0,0.0,13.73189,0,0,0,Other plan,1
3,0.0,0,0.0,0.0,0.0,13.73189,0,0,0,Other plan,1
3,0.0,0,5.315371,0.0,0.0,6.9,0,0,0,Other plan,1
3,4.564348,0,6.907755,6.959049,0.0,13.8,1,0,0,Other plan,1
3,3.258096,0,6.907755,8.294049,0.0,4.3,0,0,0,Other plan,1
3,4.564348,0,0.0,4.573082,0.0,0.0,0,0,0,Other plan,1
3,4.564348,0,6.907755,6.959049,0.0,20.7,1,0,0,Other plan,1
3,3.931826,0,6.907935,7.600903,0.0,9.967326,0,0,0,Other plan,1
3,4.564348,0,6.907755,6.959049,0.0,13.8,0,0,0,Other plan,1
3,0.0,0,0.0,0.0,0.0,9.967326,1,0,0,Other plan,1
3,3.931826,0,6.253829,7.600903,0.0,9.967326,0,0,0,Other plan,1
3,0.0,0,5.783825,0.0,0.0,13.73189,0,0,0,Other plan,1
3,3.258096,0,6.907755,8.294049,0.0,13.73189,1,0,0,Other plan,1
3,0.0,0,6.264845,0.0,0.0,3.4,0,0,0,Other plan,1
3,3.258096,0,6.620073,8.006368,0.0,6.9,1,0,0,Other plan,1
3,0.0,0,0.0,0.0,0.0,13.73189,0,0,0,Other plan,1
3,4.564348,0,6.907755,6.959049,0.0,11.84267,0,0,0,Other plan,1
3,3.258096,0,6.683361,8.069655,1.0,30.4,1,0,0,Other plan,1
3,3.258096,0,6.907755,8.294049,0.0,17.4,1,0,0,Other plan,1
3,0.0,0,5.315371,0.0,0.0,17.2,1,0,0,Other plan,1
3,0.0,0,5.777652,0.0,0.0327869,13.73189,0,0,0,Other plan,1
3,0.0,0,0.0,0.0,1.0,13.73189,0,0,0,Other plan,1
3,3.258096,0,6.620073,8.006368,0.0,27.6,0,0,0,Other plan,1
3,3.258096,0,5.883322,7.269617,0.0,13.73189,1,0,0,Other plan,1
3,3.258096,0,6.907755,8.294049,0.0,13.73189,1,0,0,Other plan,1
3,0.0,0,5.757007,0.0,0.0,17.2,1,0,0,Other plan,1
3,0.0,0,0.0,0.0,0.0,44.8,0,1,0,Other plan,1
3,4.564348,0,6.907755,6.959049,0.0,10.57626,0,1,0,Other plan,1
3,4.564348,0,6.907755,6.959049,1.0,3.4,0,0,0,Other plan,1
3,0.0,0,5.375278,0.0,0.1981873,11.84267,1,0,0,Other plan,1
3,0.0,0,5.451038,0.0,0.0,13.73189,1,0,0,Other plan,1
3,0.0,0,5.949705,0.0,0.0,24.1,0,0,0,Other plan,1
3,0.0,0,0.0,0.0,0.0,9.967326,0,0,0,Other plan,1
3,3.258096,0,6.683361,8.069655,1.0,30.4,1,0,0,Other plan,1
3,0.0,0,0.0,0.0,0.0,10.57626,0,0,0,Other plan,1
3,4.564348,0,6.907755,6.959049,0.0268456,9.967326,0,0,0,Other plan,1
3,4.564348,0,6.907755,6.959049,1.0,17.2,1,0,0,Other plan,1
3,3.258096,0,5.886104,7.272398,1.0,27.6,0,0,0,Other plan,1
4,4.564348,0,6.044199,6.095492,0.0,6.9,0,0,0,Other plan,1
4,4.564348,0,6.907755,6.959049,0.0,13.8,0,0,0,Other plan,1
4,0.0,0,4.094345,0.0,1.0,27.6,0,0,0,Other plan,1
4,3.258096,0,6.907755,8.294049,0.0,8.7,0,0,0,Other plan,1
4,4.564348,0,5.298317,5.349611,1.0,17.2,1,0,0,Other plan,1
4,0.0,0,5.72984,0.0,1.0,20.7,0,1,0,Other plan,1
4,0.0,0,0.0,0.0,1.0,6.9,0,0,0,Other plan,1
4,0.0,0,6.384047,0.0,0.0,13.8,1,0,0,Other plan,1
4,0.0,0,0.0,0.0,0.0,3.4,0,0,0,Other plan,1
4,3.258096,0,6.907755,8.294049,0.0,17.4,1,0,0,Other plan,1
4,0.0,0,3.401197,0.0,0.0,10.57626,0,0,0,Other plan,1
4,0.0,0,5.676206,0.0,0.0,13.8,0,0,0,Other plan,1
4,3.258096,0,6.907755,8.294049,0.0,21.7,1,0,0,Other plan,1
4,0.0,0,0.0,0.0,0.0268456,9.967326,0,0,0,Other plan,1
4,0.0,0,6.840974,0.0,0.0,11.84267,0,0,0,Other plan,1
4,0.0,0,0.0,0.0,0.0,10.57626,0,0,0,Other plan,1
4,4.564348,0,6.907755,6.959049,0.0,9.967326,0,0,0,Other plan,1
4,3.931826,0,6.907755,7.600903,0.0,13.73189,0,0,0,Other plan,1
4,3.258096,0,6.620073,8.006368,0.0,6.9,0,0,0,Other plan,1
4,3.258096,0,6.109248,7.495542,0.0,3.4,0,0,0,Other plan,1
4,4.564348,0,5.783825,5.835118,0.1442925,10.57626,0,0,0,Other plan,1
4,4.564348,0,0.0,6.959049,0.0,11.84267,0,0,0,Other plan,1
5,4.564348,0,6.907755,6.959049,0.0,6.9,1,0,0,Other plan,1
5,4.564348,0,6.907755,6.959049,0.0,10.57626,0,0,0,Other plan,1
5,3.258096,0,6.907755,8.294049,0.0,13.73189,0,0,0,Other plan,1
5,0.0,0,5.330978,0.0,0.0,3.4,0,0,0,Other plan,1
5,3.258096,0,6.620073,8.006368,1.0,20.7,1,0,0,Other plan,1
5,0.0,0,6.163736,0.0,1.0,10.3,0,0,0,Other plan,1
5,0.0,0,0.0,0.0,0.0,11.84267,0,0,0,Other plan,1
5,4.564348,0,6.907755,6.959049,1.0,10.3,0,0,0,Other plan,1
5,3.931826,0,0.0,7.570443,0.0,13.73189,1,0,0,Other plan,1
5,0.0,0,0.0,0.0,0.0,0.0,1,0,0,Other plan,1
5,0.0,0,0.0,0.0,0.0,11.84267,0,0,0,Other plan,1
5,4.564348,0,0.0,6.265902,0.0,10.3,0,0,0,Other plan,1
5,3.258096,0,6.586172,8.006368,0.0,0.0,0,0,0,Other plan,1
5,0.0,0,0.0,0.0,0.0,8.7,0,0,0,Other plan,1
5,3.258096,0,6.586172,8.006368,0.0,3.4,0,0,0,Other plan,1
5,0.0,0,0.0,0.0,0.0,17.2,0,0,0,Other plan,1
5,0.0,0,6.120297,0.0,0.0,11.84267,0,0,0,Other plan,1
5,0.0,0,0.0,0.0,0.0,10.57626,1,0,0,Other plan,1
6,3.258096,0,6.874819,8.006368,0.0,3.4,1,0,0,Other plan,1
6,4.564348,0,6.148468,6.199761,0.0,6.9,0,0,0,Other plan,1
6,3.258096,0,6.659294,8.045588,0.0,0.0,0,0,0,Other plan,1
6,0.0,0,0.0,0.0,0.0,9.967326,0,0,0,Other plan,1
6,0.0,0,0.0,0.0,0.0,9.967326,0,0,0,Other plan,1
6,0.0,0,0.0,0.0,0.0,9.967326,0,0,0,Other plan,1
6,3.258096,0,6.907755,8.294049,0.0,8.7,1,0,0,Other plan,1
6,0.0,0,0.0,0.0,0.0,9.967326,0,0,0,Other plan,1
6,0.0,0,3.401197,0.0,1.0,6.9,0,0,1,Other plan,1
6,0.0,0,5.375278,0.0,0.1981873,11.84267,0,1,0,Other plan,1
6,3.258096,0,6.620073,8.006368,0.0,3.4,1,0,0,Other plan,1
7,3.258096,0,6.520621,7.906916,0.0,13.0,1,0,0,Other plan,1
7,3.258096,0,6.907755,8.294049,1.0,27.6,1,0,0,Other plan,1
7,0.0,0,5.785915,0.0,0.0221239,11.84267,0,0,0,Other plan,1
7,0.0,0,6.717563,0.0,0.0,10.57626,0,0,0,Other plan,1
7,0.0,0,6.254329,0.0,0.0,10.57626,0,0,0,Other plan,1
7,3.258096,0,6.280845,6.628041,1.0,13.8,0,0,0,Other plan,1
7,0.0,0,5.278115,0.0,0.0,8.7,0,0,0,Other plan,1
7,0.0,0,4.094345,0.0,0.0,17.2,0,0,0,Other plan,1
7,0.0,0,0.0,0.0,0.0,8.7,0,0,0,Other plan,1
7,4.564348,0,6.907755,6.959049,0.0,20.7,1,0,0,Other plan,1
7,0.0,0,0.0,0.0,0.0327869,13.73189,0,0,0,Other plan,1
7,3.258096,0,6.659294,8.045588,0.0,11.84267,0,0,0,Other plan,1
7,0.0,0,6.094202,0.0,0.0,10.3,1,0,0,Other plan,1
7,3.258096,0,6.620073,8.006368,0.0,9.967326,0,0,0,Other plan,1
8,3.258096,0,6.620073,8.006368,0.0,17.2,0,0,0,Other plan,1
8,4.564348,0,6.907755,6.959049,0.0221239,11.84267,0,0,0,Other plan,1
8,3.258096,0,6.49224,7.878534,0.0,9.967326,1,0,0,Other plan,1
8,0.0,0,5.632071,0.0,0.0,13.8,0,1,0,Other plan,1
8,3.258096,0,0.0,7.968458,0.0,10.3,0,1,0,Other plan,1
8,0.0,0,0.0,0.0,0.0,13.73189,0,0,0,Other plan,1
9,4.564348,0,6.620073,6.671367,0.0268456,9.967326,0,0,0,Other plan,1
9,3.258096,0,6.907755,8.294049,1.0,31.0,0,1,0,Other plan,1
9,0.0,0,4.094345,0.0,0.0,13.0,0,0,0,Other plan,1
9,0.0,0,0.0,0.0,0.0,0.0,0,0,0,Other plan,1
9,0.0,0,6.287598,0.0,0.0,10.3,0,1,0,Other plan,1
10,0.0,0,6.139884,0.0,0.0,13.73189,1,0,0,Other plan,1
10,0.0,0,0.0,0.0,0.0,13.8,1,0,0,Other plan,1
10,0.0,0,0.0,0.0,0.0,17.4,0,0,0,Other plan,1
10,0.0,0,0.0,0.0,0.0,6.9,1,0,0,Other plan,1
10,3.258096,0,6.907755,8.294049,0.0,21.7,0,1,0,Other plan,1
11,3.258096,0,6.907755,8.294049,1.0,11.84267,0,1,0,Other plan,1
11,0.0,0,0.0,0.0,0.0221239,11.84267,0,0,0,Other plan,1
11,0.0,0,0.0,0.0,1.0,9.967326,1,0,0,Other plan,1
11,3.258096,0,6.684612,8.070906,0.0,13.0,0,0,0,Other plan,1
11,3.258096,0,6.280845,6.628041,0.0,3.4,1,0,0,Other plan,1
11,0.0,0,0.0,0.0,0.0,11.84267,0,0,0,Other plan,1
11,0.0,0,4.430817,0.0,0.0,13.73189,1,0,0,Other plan,1
11,4.564348,0,6.907755,6.959049,0.0,9.967326,0,0,0,Other plan,1
11,0.0,0,5.632071,0.0,1.0,10.3,0,0,1,Other plan,1
12,0.0,0,4.276666,0.0,1.0,20.7,0,0,0,Other plan,1
12,0.0,0,4.174387,0.0,0.0,13.73189,0,0,0,Other plan,1
12,0.0,0,0.0,0.0,0.0,11.84267,0,0,0,Other plan,1
13,3.258096,0,6.907755,8.294049,0.0,13.0,1,0,0,Other plan,1
13,0.0,0,0.0,0.0,0.0,10.57626,0,0,0,Other plan,1
14,0.0,0,0.0,0.0,0.0,13.73189,0,0,0,Other plan,1
15,0.0,0,3.843316,0.0,1.0,3.4,1,0,0,Other plan,1
15,0.0,0,4.587006,0.0,0.0,11.84267,0,0,0,Other plan,1
16,4.564348,0,6.907755,6.959049,0.1442925,10.57626,0,0,0,Other plan,1
23,0.0,0,0.0,0.0,1.0,13.8,0,0,0,Other plan,1
28,0.0,0,0.0,0.0,0.0,13.0,0,0,0,Other plan,1
30,3.258096,0,6.907755,8.294049,1.0,43.5,0,0,1,Other plan,1
