grade_point_average,economics_test_score,program_participation,grade_improved,program_group
2.66,20.0,0,0,No PSI
2.89,22.0,0,0,No PSI
3.28,24.0,0,0,No PSI
2.92,12.0,0,0,No PSI
4.0,21.0,0,1,No PSI
2.86,17.0,0,0,No PSI
2.76,17.0,0,0,No PSI
2.87,21.0,0,0,No PSI
3.03,25.0,0,0,No PSI
3.92,29.0,0,1,No PSI
2.63,20.0,0,0,No PSI
3.32,23.0,0,0,No PSI
3.57,23.0,0,0,No PSI
3.26,25.0,0,1,No PSI
3.53,26.0,0,0,No PSI
2.74,19.0,0,0,No PSI
2.75,25.0,0,0,No PSI
2.83,19.0,0,0,No PSI
3.12,23.0,1,0,PSI
3.16,25.0,1,1,PSI
2.06,22.0,1,0,PSI
3.62,28.0,1,1,PSI
2.89,14.0,1,0,PSI
3.51,26.0,1,0,PSI
3.54,24.0,1,1,PSI
2.83,27.0,1,1,PSI
3.39,17.0,1,1,PSI
2.67,24.0,1,0,PSI
3.65,21.0,1,1,PSI
4.0,23.0,1,1,PSI
3.1,21.0,1,0,PSI
2.39,19.0,1,1,PSI
